id,domain,status,purchase_price,renewal_price,attractiveness,demand,length,registrar,created_at,expires_at,status_verified_at
1c33f872-8343-46bd-a28f-61eff65631b7,unpatented.gmbh,available,45.99,45.99,medium,low,10,namesilo,,,12/09/2026 16:29
463f0c0f-362e-4586-9ef5-11184aa20012,gregorio.gmbh,available,45.99,45.99,high,low,8,namesilo,,,
dfe6548f-59a1-443a-9440-0383713ff63d,smelling.gmbh,available,45.99,45.99,high,low,8,namesilo,,,
f68d2a56-ff59-4848-8117-17ad297ea358,algology.gmbh,available,45.99,45.99,medium,low,8,namesilo,,,18/09/2026 07:09
43bd4882-4e78-4ac7-a2a7-52b847d7c3ad,vigilantly.gmbh,available,45.99,45.99,medium,low,10,namesilo,,,16/09/2026 10:54
1fbd9559-705c-4937-8d75-6b3707eda2f8,yearner.gmbh,available,45.99,45.99,medium,low,7,namesilo,,,15/09/2026 12:51
00e49b22-5ffc-45cb-a3e9-02fdad15167b,duncan.gmbh,available,47.98,56.98,high,low,6,namecheap,,,25/09/2026 05:02
98b0ae6c-af89-4709-a04f-39c49c3a94c4,aurochs.gmbh,available,47.98,56.98,medium,low,7,namecheap,,,21/09/2026 04:34
79c861eb-6342-456d-9196-c1b599c2158b,peking.gmbh,available,45.99,45.99,high,low,6,namesilo,,,23/09/2026 04:13
6770fe37-6638-475a-ba8e-8a6da88a04b9,pedal.gmbh,available,45.99,45.99,high,low,5,namesilo,,,08/09/2026 12:17
5da7f0cc-3b5d-49d9-b36d-65ce1fc91772,bearskin.gmbh,available,47.99,52.99,high,low,8,name.com,,,22/09/2026 21:25
81c3aa10-7fac-48ef-a9ed-5bd84ac5b391,automobile.gmbh,premium,242,242,high,low,10,namesilo,,,
ff134d9d-4bf4-4c26-b5e4-e1990f98a244,sulky.gmbh,available,45.99,45.99,medium,low,5,namesilo,,,20/08/2026 14:46
c140268a-3cf3-4e54-9b7a-b23c8c714631,essay.gmbh,available,47.98,56.98,high,low,5,namecheap,,,21/09/2026 01:17
4d3baf83-a12d-42bd-8eb6-608e3e82d7bd,loves.gmbh,available,,,high,low,5,,,,25/09/2026 18:55
cc0560b4-29f3-4c90-8d76-d48e4cbbd2b1,sworn.gmbh,available,45.99,45.99,high,low,5,namesilo,,,
5c903fa3-2e0c-470c-be81-d7a25ad2a6e5,absolver.gmbh,available,47.98,56.98,medium,low,8,namecheap,,,16/09/2026 18:07
1f4bc55a-4b05-478a-84f2-9a7f5d5f2278,colorectal.gmbh,available,47.98,56.98,medium,low,10,namecheap,,,12/08/2026 17:46
dd4f38a4-447b-465a-99c3-b9e43d019f63,batrachian.gmbh,available,45.99,45.99,medium,low,10,namesilo,,,05/08/2026 20:53
7ea944ee-565c-454c-abf3-b397bc737a2c,glassy.gmbh,available,45.99,45.99,high,low,6,namesilo,,,20/08/2026 14:12
b9a6c17e-f85c-424b-8df3-2e506a06dd20,aired.gmbh,available,45.99,45.99,high,low,5,namesilo,,,
0827ea12-a41e-4085-9917-7b68ca3250e2,cive.gmbh,available,45.99,45.99,medium,low,4,namesilo,,,18/09/2026 11:31
c38deb10-7932-4b27-ae59-4b8e21230628,wore.gmbh,available,45.99,45.99,medium,low,4,namesilo,,,
c16b26db-2272-42bd-8a36-eafe260f8db7,fatalist.gmbh,available,45.99,45.99,medium,low,8,namesilo,,,17/08/2026 23:29
7e710fd8-a7c7-48b4-96b2-2bdc48696095,withdraw.gmbh,available,47.99,52.99,high,low,8,name.com,,,24/09/2026 19:10
a207e9e6-02d5-4a26-98d9-a05670df3bde,antigenic.gmbh,available,47.98,56.98,medium,low,9,namecheap,,,
fc1086e7-74a6-49a7-957b-884d7b1ba19e,adamant.gmbh,available,45.99,45.99,high,low,7,namesilo,,,
ff696ba5-b6eb-4ba9-8f6b-bf7d64cfffa2,weather.gmbh,available,45.99,45.99,high,medium,7,namesilo,,,23/09/2026 02:29
b3749a4f-ea1f-4b1b-b228-1bfc4bca29b5,jill.gmbh,available,45.99,45.99,high,low,4,namesilo,,,25/09/2026 11:32
0b854b54-6c3d-4abb-a98c-042b95139475,meantime.gmbh,available,45.99,45.99,high,low,8,namesilo,,,25/09/2026 10:12
76141d23-adda-4759-ad68-9b31fc2c38d0,goosey.gmbh,available,45.99,45.99,medium,low,6,namesilo,,,14/08/2026 16:06
91752361-4622-42b6-9d4a-8f256bed5e40,ambition.gmbh,available,45.99,45.99,high,low,8,namesilo,,,18/09/2026 16:53
5df02089-c7c9-4805-9da4-c39faf8b8076,asks.gmbh,available,45.99,45.99,medium,low,4,namesilo,,,25/09/2026 17:36
e6448485-88dd-440b-9d2d-c01bcbb11803,swiftly.gmbh,available,47.99,,high,low,7,name.com,,,
ca65a799-c1ba-416c-a6c1-713fbbda582a,quaggy.gmbh,available,45.99,45.99,medium,low,6,namesilo,,,10/08/2026 17:10
1e1f37bb-a57e-437a-98e5-35bf36680f88,concealing.gmbh,available,47.98,56.98,high,low,10,namecheap,,,12/08/2026 19:52
14b0ae8d-c7d7-4d22-a9b3-9ea417a536c0,mackay.gmbh,available,45.99,45.99,medium,low,6,namesilo,,,25/09/2026 16:20
8bbe600a-2d14-478c-a05f-0be00e06bcb1,varicose.gmbh,available,45.99,45.99,medium,low,8,namesilo,,,13/09/2026 01:20
3e5447c4-c314-46a1-836a-ca81d62b0ba4,colon.gmbh,available,45.99,45.99,high,low,5,namesilo,,,20/09/2026 15:16
9d865a1e-3694-4cdb-a6d7-fa9fcccf260a,extremity.gmbh,available,47.98,56.98,medium,low,9,namecheap,,,19/09/2026 20:32
daf22c45-58fc-4b73-a793-da906023e89b,clustered.gmbh,available,45.99,45.99,high,low,9,namesilo,,,
25e739ad-be32-4409-9f77-7511cbb27715,papered.gmbh,available,45.99,45.99,medium,low,7,namesilo,,,21/09/2026 10:14
ae4d9120-0306-408a-b62d-2a3732534bed,katy.gmbh,available,47.99,,high,low,4,name.com,,,
e2b0a33b-7f65-4f1e-96a6-30b92f7d6b6b,premarital.gmbh,available,45.99,45.99,high,low,10,namesilo,,,22/09/2026 06:09
f2a0493a-4557-407a-85c3-9d7493e1f55c,alborg.gmbh,available,45.99,45.99,medium,low,6,namesilo,,,16/09/2026 13:12
5c782253-3185-4158-be68-2f452a7edf22,nutlike.gmbh,available,45.99,45.99,medium,low,7,namesilo,,,03/09/2026 23:16
c3783710-006d-4525-accf-af84a8e6f5f4,balsamic.gmbh,available,45.99,45.99,high,low,8,namesilo,,,22/09/2026 16:34
a83a7108-be29-4adc-aa14-efcc3a300715,pancreas.gmbh,available,45.99,45.99,high,low,8,namesilo,,,
2717ae91-7cea-4458-8d9e-5d88f8336029,downcast.gmbh,available,45.99,45.99,medium,low,8,namesilo,,,14/08/2026 17:33
38ac9604-f3ab-49cd-82d0-2d5f17fe6889,burnish.gmbh,available,45.99,45.99,high,low,7,namesilo,,,08/09/2026 23:02
5461458a-84f9-4935-9064-c8acd8ee26f4,markets.gmbh,available,45.99,45.99,high,low,7,namesilo,,,23/09/2026 06:42
ca573bd0-2146-4aa5-aac2-ddad9a9325c8,suicidal.gmbh,available,45.99,45.99,medium,low,8,namesilo,,,10/09/2026 02:02
e0c16d00-9476-4de3-a0f0-0359872c745e,beholder.gmbh,available,45.99,45.99,high,low,8,namesilo,,,08/09/2026 16:20
df07c984-2a1c-4f5b-a934-f575b57ae36f,trine.gmbh,available,45.99,45.99,medium,low,5,namesilo,,,
dd84494a-6e70-4728-86e3-ecfcf92e1b9a,limestone.gmbh,available,45.99,45.99,high,low,9,namesilo,,,
f8eee4c6-a79a-46d2-8ac3-02ce85008147,barn.gmbh,available,45.99,45.99,high,low,4,namesilo,,,
f6f0a8b1-6366-4d78-8656-6c31e482136b,thing.gmbh,available,45.99,45.99,high,low,5,namesilo,,,
3a115f86-b207-47f5-b8cd-52a4f05e4830,testate.gmbh,available,45.99,45.99,high,low,7,namesilo,,,11/09/2026 12:00
41624c5f-6351-4950-8556-57470bdd929c,notability.gmbh,available,45.99,45.99,high,low,10,namesilo,,,03/09/2026 22:04
3cd9a3ea-bc2c-4abe-a2c3-a12370fc2bfc,choky.gmbh,available,45.99,45.99,medium,low,5,namesilo,,,12/08/2026 06:42
94a74a14-13ce-4a16-8450-8008da8b4a2e,secular.gmbh,available,47.98,56.98,medium,low,7,namecheap,,,22/08/2026 18:49
c0061af0-5cef-4924-badd-fd8082d65987,luanda.gmbh,available,45.99,45.99,medium,low,6,namesilo,,,19/09/2026 06:58
a18b0d1c-1ab6-47ba-93a5-0f4a531a4154,mandatory.gmbh,available,47.98,56.98,high,low,9,namecheap,,,23/09/2026 18:22
391336b1-3f97-40c1-bf42-fffe2b1f12ab,crisis.gmbh,available,47.98,56.98,high,low,6,namecheap,,,24/09/2026 19:30
b2e9afa4-9731-4306-9a0a-de9efa845922,lust.gmbh,available,45.99,45.99,high,low,4,namesilo,,,
2447c752-75ad-4ee0-9636-3b69118151d0,hanoverian.gmbh,available,45.99,45.99,high,low,10,namesilo,,,20/08/2026 23:44
dc1ee2c6-d3f8-45cd-b7e7-cffd2fe23906,extant.gmbh,available,47.98,56.98,medium,low,6,namecheap,,,17/08/2026 18:56
e3633a16-ffc5-40ac-a948-2ecacd63a3a9,jolson.gmbh,available,45.99,45.99,medium,low,6,namesilo,,,18/09/2026 01:21
b2c49cb7-9b53-4bf5-b527-f2d22004007a,adventurer.gmbh,available,45.99,45.99,high,low,10,namesilo,,,17/09/2026 10:41
a8963490-1c51-45d2-b197-e53eff3d35da,nodding.gmbh,available,45.99,45.99,high,low,7,namesilo,,,12/08/2026 00:48
2e30a053-261a-4eec-a376-7d7a8b566a05,tracy.gmbh,available,45.99,45.99,high,low,5,namesilo,,,
9011ccf1-5fb8-4452-a71c-b9d2bdd493b6,applicant.gmbh,available,45.99,45.99,high,low,9,namesilo,,,19/09/2026 21:53
134c4d64-e232-4445-8c72-d030c0e46868,shag.gmbh,available,45.99,45.99,medium,low,4,namesilo,,,18/08/2026 17:33
be205374-9996-44c0-9ab2-00303dfc0b8e,pending.gmbh,available,45.99,45.99,high,low,7,namesilo,,,
793f3f20-39f0-4893-9844-1f676dd8525a,artillery.gmbh,available,45.99,45.99,high,low,9,namesilo,,,20/09/2026 11:43
56d4eb7d-fb5b-414e-8db8-4bfc2fe9fc05,pleasantly.gmbh,available,47.98,56.98,high,low,10,namecheap,,,13/09/2026 18:20
5b1cd0ea-3aa7-49ef-8cd1-0b1e988914a7,there.gmbh,available,45.99,45.99,high,low,5,namesilo,,,
62d859a7-2933-4843-a279-d3355e99af71,quack.gmbh,available,45.99,45.99,high,low,5,namesilo,,,09/09/2026 07:16
168131fa-aa93-45e7-8336-7034654de8d8,selective.gmbh,available,45.99,45.99,high,low,9,namesilo,,,10/09/2026 01:58
3e9067c9-68c7-4296-818f-ba1422f190e7,cinematic.gmbh,available,45.99,45.99,high,low,9,namesilo,,,12/08/2026 08:13
44955050-a029-4f56-a26f-04b0a9c7b6ce,seized.gmbh,available,47.99,,medium,low,6,name.com,,,
50c8ca41-032d-42ea-9f35-5f9dfd673d93,helicopter.gmbh,available,45.99,45.99,high,low,10,namesilo,,,25/09/2026 05:19
795295ec-ed8d-4cdf-94c1-c4b6c6021837,sugar.gmbh,available,45.99,45.99,high,low,5,namesilo,,,25/09/2026 05:11
f3832264-70af-4272-866c-f856e5d7addb,unitarian.gmbh,available,45.99,45.99,high,low,9,namesilo,,,12/09/2026 13:56
328fc279-f32f-40f3-aa34-a2063fcb189f,mandarin.gmbh,available,45.99,45.99,high,low,8,namesilo,,,23/09/2026 04:17
b4b4d1e1-c7cc-4105-9af5-df5ce493d208,nephew.gmbh,available,45.99,45.99,high,low,6,namesilo,,,
c6730994-201c-4851-9bf9-2d0d8bc0dd13,eminent.gmbh,available,45.99,45.99,high,low,7,namesilo,,,16/08/2026 15:06
89d792c0-13ea-4314-a804-d17555a645e5,extra.gmbh,available,45.99,45.99,high,low,5,namesilo,,,21/09/2026 17:12
f5dbc662-5e4d-49e7-af06-d8544233c58b,convex.gmbh,available,45.99,45.99,high,low,6,namesilo,,,11/08/2026 08:24
863ff463-15f4-4a31-af7c-bcf3447de222,ensemble.gmbh,available,45.99,45.99,high,low,8,namesilo,,,16/09/2026 09:22
55a87b53-c079-4d1d-8413-c02253d593d3,maiden.gmbh,available,45.99,45.99,high,low,6,namesilo,,,22/08/2026 05:32
c4470d19-7a41-44df-9f8f-22daaee60f2b,enatic.gmbh,available,47.98,56.98,medium,low,6,namecheap,,,16/08/2026 21:20
a83de74a-b21d-4ecf-872e-f56412679055,caesarean.gmbh,available,45.99,45.99,medium,low,9,namesilo,,,11/08/2026 13:05
b8fae55b-ed99-43b3-a8e6-3ac1c413527c,competence.gmbh,available,45.99,45.99,high,low,10,namesilo,,,24/09/2026 16:46
9a518e8e-92aa-439a-ba82-08c27ba45182,opt.gmbh,available,45.99,45.99,high,low,3,namesilo,,,
54eb8710-1f82-45aa-8aa5-29ef55d61d80,blame.gmbh,available,45.99,45.99,high,low,5,namesilo,,,10/08/2026 12:37
533d155f-df87-4b33-b59b-0852bf6dc09c,idealized.gmbh,available,47.98,56.98,high,low,9,namecheap,,,21/08/2026 17:58
4c4a26c4-f7bc-44a2-bde7-df12711bd1e9,screen.gmbh,available,45.99,45.99,high,low,6,namesilo,,,23/09/2026 16:32
a671246f-410c-4211-b2d6-8e49eebd409e,clever.gmbh,available,47.99,52.99,high,medium,6,name.com,,,23/09/2026 12:20
ff495fc0-ae23-4bfe-935e-db1be849762b,lovesick.gmbh,available,45.99,45.99,medium,low,8,namesilo,,,24/08/2026 10:18
ea3f5d35-99d8-463a-86b9-9da336a6ef11,beira.gmbh,available,45.99,45.99,medium,low,5,namesilo,,,23/09/2026 04:20
2e1d4c5d-dca9-49f3-9c21-9e5ec7c952cd,daft.gmbh,available,45.99,45.99,high,low,4,namesilo,,,06/08/2026 20:50
e4eea027-21cc-4733-8e79-0e844ee0f355,axis.gmbh,available,45.99,45.99,high,medium,4,namesilo,,,
0cac4ef7-560f-426c-b4a3-031ccc0cfdff,flexile.gmbh,available,45.99,45.99,medium,low,7,namesilo,,,18/08/2026 08:06
1200ac6d-de5e-408f-bf8e-de953a8db5b1,unequal.gmbh,available,45.99,45.99,medium,low,7,namesilo,,,22/08/2026 00:15
7079f892-0b39-4d99-80ef-690a8035a3a2,unloosen.gmbh,available,45.99,45.99,medium,low,8,namesilo,,,18/08/2026 14:36
610780fa-dab0-4a9e-ac2e-290efa124b55,despite.gmbh,available,45.99,45.99,high,low,7,namesilo,,,
89d72fc3-7a34-4586-a894-89b4432659c4,affixal.gmbh,available,45.99,45.99,medium,low,7,namesilo,,,
7c5e6487-68b4-42ad-843e-bd9d33ad87e3,jonson.gmbh,available,45.99,45.99,high,low,6,namesilo,,,23/09/2026 07:26
c02af8f8-9809-464b-a79b-d2e11980118b,travelled.gmbh,available,45.99,45.99,high,low,9,namesilo,,,
4d192ddc-2be6-4c2e-89ac-4da4bf780f86,teaspoons.gmbh,available,45.99,45.99,medium,low,9,namesilo,,,19/09/2026 22:48
725a8e3d-04e2-4191-9ad2-24f5d0f58e70,squeamish.gmbh,available,47.98,56.98,medium,low,9,namecheap,,,04/09/2026 21:24
1d600012-c13c-4acc-95f1-bdc4b342b64c,merry.gmbh,available,45.99,45.99,high,low,5,namesilo,,,11/08/2026 04:28
23e6a4ae-8816-4212-b6fe-516e942aa5bb,responds.gmbh,available,47.98,56.98,medium,low,8,namecheap,,,20/09/2026 08:24
922b368a-4076-4a80-903c-f2097043a721,coming.gmbh,available,45.99,45.99,high,low,6,namesilo,,,23/09/2026 15:31
ebb78ca2-665c-40e8-9c75-cf52287accab,stefan.gmbh,available,45.99,45.99,high,low,6,namesilo,,,25/09/2026 14:25
d2c9226b-faa9-4d3c-859c-042f64ee6cf1,amnios.gmbh,available,47.98,56.98,medium,low,6,namecheap,,,18/09/2026 22:26
683eea59-3a00-441a-b383-2d379085c9c1,endlessly.gmbh,available,45.99,45.99,high,low,9,namesilo,,,14/09/2026 06:09
2a08505e-5de6-463c-a350-52fb45ff9f71,jarring.gmbh,available,45.99,45.99,medium,low,7,namesilo,,,22/08/2026 12:26
fa93ba34-01ab-4621-9cf0-f18e7d490733,sparsely.gmbh,available,45.99,45.99,medium,low,8,namesilo,,,16/09/2026 05:55
34de89b7-7929-4d15-8343-66ade0a87abd,burn.gmbh,available,45.99,45.99,high,low,4,namesilo,,,
5577a9e2-147b-43e1-8e61-7f666c001437,querulous.gmbh,available,45.99,45.99,medium,low,9,namesilo,,,09/09/2026 08:33
0dc8927a-e0ef-46ba-b3c3-0e66e803e702,document.gmbh,available,45.99,45.99,high,low,8,namesilo,,,
1f516155-b9f9-4c30-8971-7a02eacde0f8,reaction.gmbh,available,45.99,45.99,high,low,8,namesilo,,,24/09/2026 14:16
c9834b2f-54f3-4992-8d40-9240a419cdb3,ironlike.gmbh,available,45.99,45.99,medium,low,8,namesilo,,,22/08/2026 10:10
5a4f566e-b30b-4fe3-a0d1-a41276de5ffb,conniption.gmbh,available,45.99,45.99,medium,low,10,namesilo,,,18/08/2026 05:43
1bd861b7-12a3-464b-b296-825e4e255340,quran.gmbh,available,45.99,45.99,high,medium,5,namesilo,,,18/09/2026 01:05
36258589-4a35-4eff-b5f8-d2c81385e477,arcadian.gmbh,available,45.99,45.99,high,low,8,namesilo,,,06/08/2026 14:10
49375f28-4f13-461a-8f2a-18a85f71aa0a,industrial.gmbh,available,45.99,45.99,high,low,10,namesilo,,,25/09/2026 09:22
16b8c939-c7f2-48e9-be07-98b1ce668ca4,purchaser.gmbh,available,45.99,45.99,high,low,9,namesilo,,,24/09/2026 11:22
749d6188-00d3-4e51-964e-c0422808e98c,adherent.gmbh,available,45.99,45.99,high,low,8,namesilo,,,
2cd80f61-e1fa-489b-9af0-8bbadb3472b4,bettong.gmbh,available,45.99,45.99,medium,low,7,namesilo,,,23/09/2026 11:46
00c881bb-3bb5-4fc0-aecf-cf3566e82995,unmatched.gmbh,available,47.98,56.98,high,low,9,namecheap,,,25/09/2026 17:47
a8cd7aac-65f8-4605-924c-31fe08df88ad,joy.gmbh,available,45.99,45.99,high,medium,3,namesilo,,,
47332d51-b4ff-4da1-8e74-40df3de46605,slaveless.gmbh,available,45.99,45.99,medium,low,9,namesilo,,,18/08/2026 14:44
cb6a707e-6b1c-4b2e-9b28-3230a180866c,schismatic.gmbh,available,45.99,45.99,medium,low,10,namesilo,,,09/09/2026 23:07
fc2ba75e-6a52-4611-91bc-c831e35e0b9c,aztec.gmbh,available,45.99,45.99,high,low,5,namesilo,,,21/09/2026 11:36
2ea693b4-9828-46aa-b2fc-15ec43cf044d,demolished.gmbh,available,45.99,45.99,medium,low,10,namesilo,,,14/08/2026 01:21
0f02588e-c8b3-4bd5-ba3d-a1c613cbad72,belay.gmbh,available,45.99,45.99,medium,low,5,namesilo,,,23/09/2026 04:34
1621400e-4790-497b-ad48-1e608c996bac,lens.gmbh,available,,,high,medium,4,,,,
b992000f-8369-4b3c-b589-242f1794ce2b,surrounded.gmbh,available,45.99,45.99,high,low,10,namesilo,,,16/08/2026 22:16
6a9edec9-f5f0-4baa-8ad9-9ce957c0fb2e,ironclad.gmbh,available,45.99,45.99,high,low,8,namesilo,,,11/08/2026 02:30
144907d4-6650-4915-9e86-288e595d24ed,bakeshop.gmbh,available,47.98,56.98,high,low,8,namecheap,,,21/09/2026 20:10
32dd1a90-a8ac-4351-a458-6f7cc368e0ae,neurologic.gmbh,available,45.99,45.99,medium,low,10,namesilo,,,03/09/2026 16:16
33bebe9a-0b1f-4995-831a-8b3bc6eb3a5c,lookouts.gmbh,available,47.98,56.98,medium,low,8,namecheap,,,18/09/2026 10:55
89f2c1ae-6101-4e6f-b039-62f72b415175,inlaid.gmbh,available,45.99,45.99,medium,low,6,namesilo,,,22/08/2026 05:47
a14e3a22-59f2-40de-a266-f35831b35bf9,aranea.gmbh,available,47.99,52.99,medium,low,6,name.com,,,20/09/2026 00:00
b9082ae3-d54d-4ebe-aad7-a5a24b4abd49,shoulder.gmbh,available,45.99,45.99,high,low,8,namesilo,,,20/09/2026 11:31
e9eaffc5-4c1e-4476-8c3f-acca94dd065c,bewitched.gmbh,available,47.98,56.98,medium,low,9,namecheap,,,09/08/2026 18:17
aa881b40-2187-4028-8224-880ca00df498,housing.gmbh,available,47.98,56.98,high,low,7,namecheap,,,24/09/2026 12:13
7c445385-0726-48ad-971b-b1c7d96b390c,soothing.gmbh,available,45.99,45.99,high,low,8,namesilo,,,07/08/2026 07:40
042f76fa-fb80-4e14-aea2-5e4a2802b787,stupendous.gmbh,available,47.98,56.98,high,low,10,namecheap,,,12/08/2026 18:00
17c4c669-b199-43e3-ae4e-452ac36a18f1,alloy.gmbh,available,45.99,45.99,high,low,5,namesilo,,,17/09/2026 09:02
7249284d-c936-4ac0-b9af-7503ad070f37,track.gmbh,available,45.99,45.99,high,medium,5,namesilo,,,24/09/2026 02:07
6d0753a7-725a-4f6a-98b4-971d728dc254,autotroph.gmbh,available,45.99,45.99,medium,low,9,namesilo,,,21/09/2026 07:36
59567a69-c162-4e83-b3f2-56d93695fc45,shelling.gmbh,available,45.99,45.99,medium,low,8,namesilo,,,22/09/2026 08:00
b2b71bac-d992-420c-b865-d867eba1b56b,untraveled.gmbh,available,47.98,56.98,medium,low,10,namecheap,,,12/09/2026 21:42
d9654e7f-9764-4411-b42e-d8019daab287,cordiality.gmbh,available,45.99,45.99,high,low,10,namesilo,,,18/09/2026 21:58
51656dae-b962-4a62-baf9-eaa1caa81408,posting.gmbh,available,45.99,45.99,high,low,7,namesilo,,,
57716e6e-9845-44b2-a4a8-8442cbeafec4,nilpotent.gmbh,available,45.99,45.99,medium,low,9,namesilo,,,03/09/2026 17:28
bd20a3c8-b478-45b7-919e-bf6ad5ee8e19,ironed.gmbh,available,45.99,45.99,high,low,6,namesilo,,,22/08/2026 10:04
2f786e41-3234-40fa-aafd-752befbc10ea,ballast.gmbh,available,45.99,45.99,high,low,7,namesilo,,,21/09/2026 22:46
2c34a03f-3114-4bd8-8f98-5ac30356d0e7,abstracter.gmbh,available,47.98,56.98,medium,low,10,namecheap,,,16/09/2026 18:30
a3f0efc2-855c-405d-994b-e636dd072966,blueberries.gmbh,available,45.99,45.99,high,low,11,namesilo,,,17/09/2026 17:28
8db9f013-e73c-4e6a-9e36-3af7419af8a2,sanchez.gmbh,available,45.99,45.99,high,low,7,namesilo,,,19/09/2026 04:36
3bfb85b5-6b6f-44c7-b615-46522812e495,grateful.gmbh,available,47.98,56.98,high,low,8,namecheap,,,20/08/2026 18:22
17d26478-1820-4f37-b01b-bbbb25af8738,richards.gmbh,available,47.98,56.98,high,low,8,namecheap,,,25/09/2026 07:42
ee9aa8d9-7602-409c-bea6-78d8850bddf1,prefers.gmbh,available,47.98,56.98,medium,low,7,namecheap,,,20/09/2026 07:15
0647a99f-445c-4493-a2b6-bbf3fa8f3b2f,boomer.gmbh,available,45.99,45.99,high,low,6,namesilo,,,21/09/2026 13:18
f5f621b5-8902-4353-8126-dfffd122e529,dickensian.gmbh,available,45.99,45.99,medium,low,10,namesilo,,,14/08/2026 06:25
65c9189f-5e5b-4163-9fa1-7d9d30db94d4,winding.gmbh,available,47.98,56.98,medium,low,7,namecheap,,,24/08/2026 18:19
01212c3f-7706-43dd-a104-4c6493c21412,retrieved.gmbh,available,45.99,45.99,medium,low,9,namesilo,,,
6e76d684-1f26-46e5-92e3-30ab5881cbe1,blare.gmbh,available,45.99,45.99,medium,low,5,namesilo,,,10/08/2026 13:12
0ad0bd7d-71b7-491b-8fb5-0ad4d84d99c5,videos.gmbh,available,45.99,45.99,high,low,6,namesilo,,,25/09/2026 06:20
d78a04b8-2f23-4bbf-ab32-9369b9cd26bb,kevin.gmbh,available,47.98,56.98,high,medium,5,namecheap,,,25/09/2026 18:28
fe4393f1-fafc-4d37-ba66-da3a3bc4c5c5,evenhanded.gmbh,available,45.99,45.99,high,low,10,namesilo,,,17/08/2026 14:52
840cf353-4fe5-499b-b06a-41fe69a89898,oregon.gmbh,available,45.99,45.99,high,low,6,namesilo,,,
8bf71165-4075-4171-ba12-4c8c790143dc,latrobe.gmbh,available,45.99,45.99,high,low,7,namesilo,,,23/09/2026 08:20
167af5fe-0b00-4bf9-b9ab-8e673fd14c3f,gore.gmbh,available,45.99,45.99,medium,low,4,namesilo,,,
b6e67ad9-065f-4018-b6a5-d4a35b4e9f0b,touching.gmbh,available,45.99,45.99,high,low,8,namesilo,,,
7705b4b2-0b6b-4780-baf7-4633fd78ad0b,doodlebug.gmbh,available,45.99,45.99,medium,low,9,namesilo,,,19/09/2026 12:18
07c0e62f-c456-468c-9842-4d0ebe6e18cd,applier.gmbh,available,47.98,56.98,medium,low,7,namecheap,,,19/09/2026 21:54
a067ec28-9ff1-437a-a304-4ea094335e4d,submarine.gmbh,available,45.99,45.99,high,low,9,namesilo,,,11/09/2026 00:16
f24d0687-00f1-41eb-b4c9-d5c849e52c85,shallow.gmbh,available,45.99,45.99,medium,low,7,namesilo,,,
28b0d805-8a20-4e30-ba2b-64e0e66d3d3c,appall.gmbh,available,47.99,52.99,medium,low,6,name.com,,,18/09/2026 01:55
cd2c2522-a2a5-4ced-b156-5430fbb730bd,certainty.gmbh,available,45.99,45.99,high,low,9,namesilo,,,24/09/2026 13:39
8b89bf6a-8f1c-450a-b84f-c5bb97d0a574,animated.gmbh,available,47.98,56.98,high,low,8,namecheap,,,22/09/2026 05:00
fc7a2311-fb14-4cb8-99d5-4143c99dfd6d,catkin.gmbh,available,47.98,56.98,medium,low,6,namecheap,,,18/09/2026 18:54
3beec744-7bba-4757-adc3-ae8c754ce96f,waker.gmbh,available,45.99,45.99,medium,low,5,namesilo,,,20/09/2026 08:31
49db9fd8-a41e-445b-b3c7-c599954e911f,splurge.gmbh,available,45.99,45.99,high,low,7,namesilo,,,23/09/2026 17:20
d7f9d109-f7d0-4b33-868a-840631c91299,churning.gmbh,available,45.99,45.99,high,low,8,namesilo,,,12/08/2026 07:51
3151c69a-af95-4d4a-8539-f30ffd484215,terrifying.gmbh,available,45.99,45.99,medium,low,10,namesilo,,,
2786e732-55f6-429a-ad63-78d38df4b6a0,cxlv.gmbh,available,45.99,45.99,medium,low,4,namesilo,,,
876adcc6-563e-46bf-8964-8601d649f2bd,aplite.gmbh,available,47.99,52.99,medium,low,6,name.com,,,19/09/2026 17:42
ac9d2c0d-9907-4dca-91eb-a8325099eee7,isotopic.gmbh,available,45.99,45.99,medium,low,8,namesilo,,,22/08/2026 11:26
15930d5a-9a8a-4398-bcd6-22253d0c2b42,bawbee.gmbh,available,47.98,56.98,medium,low,6,namecheap,,,22/09/2026 16:46
2d736f7f-66ea-48cc-b2ac-503da2efce20,soundbar.gmbh,available,45.99,45.99,high,low,8,namesilo,,,
26467338-526d-431b-9c83-c62ac55ccdc8,geometry.gmbh,available,47.99,,high,low,8,name.com,,,
63314ed8-c4ac-446d-b742-9d6d6727833d,attentions.gmbh,available,47.98,56.98,medium,low,10,namecheap,,,19/09/2026 21:27
4c5f8ed1-d31e-44aa-88ec-527c8fec4e0d,lifeless.gmbh,available,45.99,45.99,medium,low,8,namesilo,,,17/08/2026 15:52
86ee8460-c3ae-478a-8fbf-fcd066575f14,expository.gmbh,available,45.99,45.99,medium,low,10,namesilo,,,17/08/2026 18:39
3b6498dd-8208-41dd-9619-92b693113134,annulate.gmbh,available,,,high,low,8,,,,
b8795b9d-a504-4baa-bc91-eca029c3ffb7,hitchcock.gmbh,available,45.99,45.99,high,low,9,namesilo,,,18/09/2026 06:32
c6de38b4-bd06-4cdf-afef-bb5ec85a8bf5,paschal.gmbh,available,45.99,45.99,medium,low,7,namesilo,,,08/09/2026 02:20
334bc9cc-e8dd-4f51-b011-e1c772068e77,drain.gmbh,available,45.99,45.99,high,low,5,namesilo,,,24/09/2026 23:49
34091f92-92ee-4a0f-865c-2594d0651377,tarsal.gmbh,available,45.99,45.99,medium,low,6,namesilo,,,11/09/2026 08:42
7ad045f4-7c04-43bd-b5cc-27ae8e396949,balkans.gmbh,available,45.99,45.99,medium,low,7,namesilo,,,21/09/2026 22:15
75e8fe20-cdd7-4002-9952-1be5e50ecd1e,fourthly.gmbh,available,45.99,45.99,medium,low,8,namesilo,,,18/08/2026 13:50
6d039dac-adab-40b9-9444-8ded2d7a07b0,geometric.gmbh,available,45.99,45.99,high,low,9,namesilo,,,18/08/2026 22:32
df0f017c-e803-4c76-8e5e-be2b9a80dcd0,tamely.gmbh,available,47.98,56.98,medium,low,6,namecheap,,,16/09/2026 07:53
bf0f7c3a-ba66-494b-bbf7-06f02164299b,embodiment.gmbh,available,45.99,45.99,high,low,10,namesilo,,,21/09/2026 08:48
f731b655-5962-40fd-beb6-0c775ea1c04c,cosset.gmbh,available,45.99,45.99,high,low,6,namesilo,,,21/09/2026 13:00
f060d87f-87f7-4cd4-83f8-78121f336269,coquettish.gmbh,available,45.99,45.99,medium,low,10,namesilo,,,13/08/2026 00:44
b9a53a11-05ac-4f83-bd90-c4eb2cfa3f59,pamper.gmbh,available,45.99,45.99,high,low,6,namesilo,,,
ee0a4957-c018-42e8-91dc-aa4d029abc63,consonant.gmbh,available,47.98,56.98,high,low,9,namecheap,,,12/08/2026 20:14
4fdc5c2e-97a0-4c8c-a199-2d7a4f2ab2d3,distinction.gmbh,available,45.99,45.99,high,low,11,namesilo,,,
9d04ff6e-5e6a-45de-a2ab-63e49ebe444b,millenary.gmbh,available,45.99,45.99,medium,low,9,namesilo,,,24/08/2026 23:13
7b356f1f-1226-499d-85ae-284a669b914c,down.gmbh,available,45.99,45.99,high,low,4,namesilo,,,24/09/2026 11:53
506fcf30-1797-4663-9b43-5c9a0a212f13,chainlike.gmbh,available,47.98,56.98,medium,low,9,namecheap,,,11/08/2026 21:34
4c6cba27-6b1c-4da6-852b-b89b0d6e01cd,bones.gmbh,available,47.99,,high,low,5,name.com,,,
bba41ee7-bd9e-4fc2-a028-b323ca56f378,artiste.gmbh,available,45.99,45.99,high,low,7,namesilo,,,20/09/2026 11:55
33f65913-8649-4289-837c-8b49af63e143,basilica.gmbh,available,45.99,45.99,high,low,8,namesilo,,,22/09/2026 10:49
36255325-5a41-40b5-ba16-f1d8f2fd6b07,proverbs.gmbh,available,45.99,45.99,high,low,8,namesilo,,,24/09/2026 07:04
23824e95-8545-4080-8249-96d2424ac6af,pouring.gmbh,available,47.98,56.98,high,low,7,namecheap,,,20/08/2026 21:01
30703fbd-0a30-49da-89f1-9b892ef8ace5,unshakable.gmbh,available,47.99,52.99,high,low,10,name.com,,,23/09/2026 10:41
20c8b483-fc9d-4804-ad28-9a7a429a3e86,austral.gmbh,available,45.99,45.99,medium,low,7,namesilo,,,07/08/2026 18:26
e679ea88-bf99-4064-93d1-bcb906345c13,frontward.gmbh,available,45.99,45.99,medium,low,9,namesilo,,,18/08/2026 12:50
63422a2e-d20a-42f6-b337-5e5cb4598c39,grad.gmbh,available,45.99,45.99,high,low,4,namesilo,,,20/08/2026 17:53
107f02c1-f29a-45c0-a7ec-c50fd6abecc1,perfidy.gmbh,available,45.99,45.99,medium,low,7,namesilo,,,23/09/2026 11:25
a694b436-1855-4ed1-a2e4-0c5c136cbe85,legitimize.gmbh,available,45.99,45.99,high,low,10,namesilo,,,04/09/2026 05:07
b799f3d3-b000-4444-854f-9e7b23e91e29,arugula.gmbh,available,47.98,56.98,high,low,7,namecheap,,,20/09/2026 12:10
30dbcc94-db0c-44ad-bbf6-0acafcdaad90,gabble.gmbh,available,47.98,56.98,medium,low,6,namecheap,,,23/09/2026 23:37
9844b145-1d0e-423b-b27e-34917b75d42e,mandioca.gmbh,available,45.99,45.99,medium,low,8,namesilo,,,23/09/2026 22:54
fc73aec8-f235-4d57-bd60-925137a9c131,presents.gmbh,available,45.99,45.99,high,low,8,namesilo,,,08/09/2026 04:30
f6811158-f5ae-4a04-8b60-449ae67de084,overfull.gmbh,available,45.99,45.99,medium,low,8,namesilo,,,20/08/2026 15:31
fcbe59d1-aa62-419f-92a7-5715b26d796e,pacemaker.gmbh,available,45.99,45.99,high,low,9,namesilo,,,20/09/2026 11:42
e9d33ba7-792a-41fb-9be0-400c8a9b4846,planner.gmbh,available,47.98,56.98,high,low,7,namecheap,,,24/09/2026 17:52
28233cfa-b885-4d2e-a5c8-4b736af1c8a1,grazed.gmbh,available,47.98,56.98,medium,low,6,namecheap,,,20/08/2026 19:29
247810c8-a834-495d-9d72-985d4d75824c,sneezed.gmbh,available,47.98,56.98,low,low,7,namecheap,,,20/09/2026 15:10
8079a8a6-23d5-4691-9076-9112e4a8bf29,nay.gmbh,available,45.99,45.99,medium,low,3,namesilo,,,15/09/2026 16:14
3a74e069-f4d5-4e7b-be97-12613f29a41e,abulia.gmbh,available,45.99,45.99,medium,low,6,namesilo,,,16/09/2026 16:41
c67cc751-1675-46d6-b694-58aa51a8bdad,worthful.gmbh,available,45.99,45.99,high,low,8,namesilo,,,13/09/2026 13:26
a4423158-f7c1-4201-98f4-2dda9d532440,armoracia.gmbh,available,45.99,45.99,medium,low,9,namesilo,,,20/09/2026 07:23
c9f4adc8-2fe7-4e56-bf74-8217998b5c63,dispatcher.gmbh,available,45.99,45.99,high,low,10,namesilo,,,24/09/2026 22:52
000e3472-cd0a-4676-9e5a-05e92b8d19bd,assagai.gmbh,available,45.99,45.99,medium,low,7,namesilo,,,20/09/2026 15:41
87adf0ad-d132-45ea-9f80-895bce959e1c,blues.gmbh,available,45.99,45.99,high,low,5,namesilo,,,
0f5da830-207d-4755-aa2c-7b8675118793,explained.gmbh,available,45.99,45.99,medium,low,9,namesilo,,,17/09/2026 15:48
8f523865-474e-4279-bb98-c318089cfd37,apoplexy.gmbh,available,47.98,56.98,medium,low,8,namecheap,,,19/09/2026 19:09
98efe9a9-79d4-4180-9d78-1221f84881cf,musing.gmbh,available,45.99,45.99,high,low,6,namesilo,,,11/08/2026 05:58
d35439f1-dff9-4612-be3d-988662bec368,social.gmbh,premium,242,242,high,medium,6,namesilo,,,19/09/2026 17:20
fc9ea2dc-86bb-49d1-b812-9ed0f4a7e967,cords.gmbh,available,47.98,56.98,medium,low,5,namecheap,,,24/09/2026 18:14
76007340-623e-4f38-936a-d3915186be5a,luxe.gmbh,available,47.99,52.99,high,low,4,name.com,,,13/08/2026 19:13
473918eb-cfd7-42fa-8c8e-7a366ded7ef8,naked.gmbh,available,45.99,45.99,high,low,5,namesilo,,,22/09/2026 11:56
0f5f0a7b-ff94-4cbb-a347-7e1a67a5a582,distrust.gmbh,available,45.99,45.99,high,low,8,namesilo,,,24/09/2026 23:13
29f36c8a-01cd-4f37-a855-98b8e261c4ed,albion.gmbh,available,47.98,56.98,high,low,6,namecheap,,,18/09/2026 02:58
ec88be74-a388-4831-8b0e-525bcf13c65c,bighearted.gmbh,available,45.99,45.99,high,low,10,namesilo,,,09/08/2026 20:48
a40f052d-cf12-4833-a5a6-5abf61a4c26c,has.gmbh,available,45.99,45.99,high,low,3,namesilo,,,
4edda034-0cbf-489e-a93f-e38530b9348a,ranking.gmbh,available,45.99,45.99,high,low,7,namesilo,,,
f732df7a-972b-4ca6-b74f-e6c0a9257a4f,consensual.gmbh,available,45.99,45.99,high,low,10,namesilo,,,12/08/2026 22:31
045405dc-fead-45b2-a528-3d0892741a43,battery.gmbh,available,47.98,56.98,high,low,7,namecheap,,,20/09/2026 15:54
408df5a1-0e53-423e-a79b-61f25ea77733,junoesque.gmbh,available,45.99,45.99,medium,low,9,namesilo,,,22/08/2026 14:31
003f832f-2f05-4581-9e79-39d14d571dee,sorely.gmbh,available,45.99,45.99,medium,low,6,namesilo,,,16/09/2026 05:13
2273dd71-ecdf-4fe4-beb0-bcc72f2588db,ambages.gmbh,available,45.99,45.99,medium,low,7,namesilo,,,18/09/2026 16:24
c831120a-5b8e-43ac-acc5-428cce5709cb,jewel.gmbh,available,45.99,45.99,high,low,5,namesilo,,,
56ab759a-2cb7-4d51-a222-1236d356bd9d,asthmatic.gmbh,available,45.99,45.99,medium,low,9,namesilo,,,22/09/2026 10:23
98b68788-fff4-4fb0-8fdb-4095ef720ec6,blackbuck.gmbh,available,45.99,45.99,medium,low,9,namesilo,,,19/09/2026 14:39
097fcbc0-2208-4a19-99ed-b89b6466b7d7,carnival.gmbh,available,45.99,45.99,high,low,8,namesilo,,,24/09/2026 16:10
6b0ccc9d-7265-4974-8bd3-d4197d5e0bea,colonic.gmbh,available,45.99,45.99,medium,low,7,namesilo,,,12/08/2026 17:22
8484ba7d-68ea-4803-af9d-31b78e9d0241,operose.gmbh,available,45.99,45.99,medium,low,7,namesilo,,,06/08/2026 17:05
c1a14ebf-9d9f-4e20-b97a-f00184757e9e,unitedly.gmbh,available,45.99,45.99,medium,low,8,namesilo,,,16/09/2026 10:08
a342a25a-5bbc-44ef-87f9-4fe879df153b,wikimedia.gmbh,available,,,high,high,9,,,,
8b06460d-d243-4f02-8ef0-010e97898bae,wooded.gmbh,available,45.99,45.99,high,low,6,namesilo,,,13/09/2026 13:11
db1072d5-f547-4fa0-9e35-f1ff5164ef70,floppy.gmbh,available,45.99,45.99,high,low,6,namesilo,,,18/08/2026 08:51
46068d5e-125e-45ff-b7c2-19562697faea,leafy.gmbh,available,45.99,45.99,high,low,5,namesilo,,,22/08/2026 21:57
6b85566f-20e7-4dd0-9181-4f8b33d4c7ba,thinking.gmbh,available,45.99,45.99,high,low,8,namesilo,,,
c8a27b5f-e20f-480a-836a-965b2e774c38,opts.gmbh,available,45.99,45.99,medium,low,4,namesilo,,,18/09/2026 13:57
f9dc542c-c8d6-459d-8f1f-84fa8cea280b,verminous.gmbh,available,45.99,45.99,medium,low,9,namesilo,,,13/09/2026 04:05
e48180c9-efdd-4d6b-a4e8-0f338204077d,analecta.gmbh,available,47.98,56.98,medium,low,8,namecheap,,,19/09/2026 01:47
e5ca5cfa-236f-4d5a-a691-2c9d99ee7d9e,blankness.gmbh,available,47.98,56.98,medium,low,9,namecheap,,,24/09/2026 04:02
6d5399ee-758c-4564-8206-2ab08e7a856a,ones.gmbh,available,45.99,45.99,high,low,4,namesilo,,,
81976ee6-210f-473e-983f-e01b46bf34ae,antonymous.gmbh,available,45.99,45.99,medium,low,10,namesilo,,,05/08/2026 20:16
a799705d-744a-43a9-8a7d-337eb2eb4feb,shirley.gmbh,available,47.98,56.98,high,low,7,namecheap,,,25/09/2026 13:56
70d1d88d-22f9-4843-8cda-662b48b32adb,ferrous.gmbh,available,45.99,45.99,medium,low,7,namesilo,,,18/08/2026 02:09
85e164cd-90fd-44d8-b690-8fe163b5897d,absentee.gmbh,available,45.99,45.99,medium,low,8,namesilo,,,16/09/2026 17:43
f86de9a8-c7e7-4886-81b3-f157e1581f6d,lousy.gmbh,available,45.99,45.99,medium,low,5,namesilo,,,24/09/2026 01:33
86120727-c577-43ed-b6fe-a237e0b89fc1,puke.gmbh,available,45.99,45.99,medium,low,4,namesilo,,,11/08/2026 09:18
b19e1f02-4f2f-4cc7-bee6-d09dd91ba4d8,haiti.gmbh,available,,,high,high,5,,,,
8902245d-febe-4a3d-8062-221b95e862e4,visual.gmbh,available,47.98,56.98,high,low,6,namecheap,,,19/09/2026 17:59
664d05a2-07ef-4479-b3d7-a60f6065e4da,stoppage.gmbh,available,45.99,45.99,medium,low,8,namesilo,,,20/08/2026 22:57
2d3f239c-d558-48d8-a799-05e21554e134,reginald.gmbh,available,47.98,56.98,high,low,8,namecheap,,,25/09/2026 15:10
4ee0fe8d-29d4-446a-b302-1897476eb7ef,hatched.gmbh,available,45.99,45.99,high,low,7,namesilo,,,13/08/2026 08:20
7d9705a5-49e9-4ba1-814f-03316ece2590,wordplay.gmbh,available,45.99,45.99,high,low,9,namesilo,,,
e52d1285-4cbb-4c74-aafa-ac3a8f68246e,aculeus.gmbh,available,45.99,45.99,medium,low,7,namesilo,,,17/09/2026 05:33
67cebdd4-d568-4424-b71d-157afdeae346,camp.gmbh,available,45.99,45.99,high,low,4,namesilo,,,11/08/2026 15:47
876f8178-9909-43e4-9854-153c88410ede,sanford.gmbh,available,45.99,45.99,medium,low,7,namesilo,,,25/09/2026 16:16
f61a3fba-df72-45c1-866c-40960117455b,impromptu.gmbh,available,47.98,56.98,high,low,9,namecheap,,,
baf0a10b-7131-4a30-b81b-c3b769bcd43a,poole.gmbh,available,45.99,45.99,high,low,5,namesilo,,,25/09/2026 17:31
d9632fd3-384c-48f4-874f-d724f807e3c9,spongy.gmbh,available,45.99,45.99,medium,low,6,namesilo,,,10/09/2026 16:24
cd98ef71-0da9-4c3c-b207-7f1d9698919d,retailed.gmbh,available,45.99,45.99,medium,low,8,namesilo,,,20/09/2026 16:31
f0397189-07e7-4e7b-b738-7b29e8960550,catapult.gmbh,available,45.99,45.99,high,low,8,namesilo,,,20/09/2026 00:33
3fb119e8-027c-4b6c-a2c5-672be829efe2,pinwheel.gmbh,available,45.99,45.99,high,low,8,namesilo,,,17/09/2026 12:41
8e5a1bb6-bb96-4971-a18d-e073eaa4715d,harmful.gmbh,available,45.99,45.99,medium,low,7,namesilo,,,08/09/2026 09:32
6503f2cc-6e72-4c4d-b8bb-b915145f369f,apulia.gmbh,available,45.99,45.99,medium,low,6,namesilo,,,19/09/2026 22:42
5892ab77-2442-421c-854d-90b0d296535a,complete.gmbh,available,47.98,56.98,high,low,8,namecheap,,,19/09/2026 19:02
02661556-433b-4220-960f-e6f4549ea5c2,ribless.gmbh,available,45.99,45.99,medium,low,7,namesilo,,,09/09/2026 17:15
01f1b704-6bdf-4017-98b4-c266538e51a6,shin.gmbh,available,45.99,45.99,high,low,4,namesilo,,,
8697138a-537a-4087-9887-2fc59b677cf7,chairman.gmbh,available,45.99,45.99,high,low,8,namesilo,,,
3cbfea67-6230-440c-8c2f-410043c77aab,excursive.gmbh,available,45.99,45.99,medium,low,9,namesilo,,,17/08/2026 16:39
afe83af0-77bc-4a44-b203-ea69086d6265,beauvoir.gmbh,available,45.99,45.99,high,low,8,namesilo,,,22/09/2026 22:24
d4dcea38-08bd-43ae-b483-f2ae84d6d574,feminist.gmbh,available,45.99,45.99,high,low,8,namesilo,,,18/08/2026 01:02
c916ea48-a604-46c8-aa0a-75d6825ba2ad,canned.gmbh,available,45.99,45.99,high,low,6,namesilo,,,11/08/2026 17:10
5fc3db38-004b-4ad8-a5d4-c932ce1d221e,senatorial.gmbh,available,45.99,45.99,medium,low,10,namesilo,,,10/09/2026 03:38
528985c3-9ba6-40dd-8a1e-ed41711e46b0,arcade.gmbh,available,45.99,45.99,high,low,6,namesilo,,,20/09/2026 01:36
15e56141-c516-44ea-99b2-637db605c585,confident.gmbh,available,47.98,56.98,high,low,9,namecheap,,,23/09/2026 19:37
b8f047f4-9002-4d86-b8e2-01717d386d39,amoeba.gmbh,available,47.98,56.98,high,low,6,namecheap,,,18/09/2026 17:41
2f4fd457-5a4a-4f3a-8b70-44ef6f0e4c16,asteroidea.gmbh,available,45.99,45.99,medium,low,10,namesilo,,,20/09/2026 17:14
92bdc4be-ff2e-4d81-a4f5-b18ab9f59818,allosaur.gmbh,available,47.98,56.98,medium,low,8,namecheap,,,18/09/2026 12:04
a796ee0d-d713-48fe-9a7d-4d679b1dd56b,facebook.gmbh,available,,,high,high,8,,,,
4b9489c0-ddff-4bc8-8064-57ada893b11e,pertinence.gmbh,available,45.99,45.99,medium,low,10,namesilo,,,19/09/2026 21:52
68ce42e9-654a-405b-8a28-547aba8641b7,curtly.gmbh,available,45.99,45.99,medium,low,6,namesilo,,,14/09/2026 10:10
983e277d-516a-4ccf-82fa-1681f565c81f,saddle.gmbh,available,45.99,45.99,high,low,6,namesilo,,,
ddd417d0-71bc-40e5-af6c-2a6ca4f34d66,foyer.gmbh,available,47.99,52.99,high,low,5,name.com,,,19/09/2026 12:45
588cd4f9-c4ad-4a76-8b64-4e02f0be7e61,wittingly.gmbh,available,45.99,45.99,medium,low,9,namesilo,,,15/09/2026 10:32
1f67c6ad-a65e-41b1-8e08-cf6df3b171be,applicable.gmbh,available,45.99,45.99,high,low,10,namesilo,,,06/08/2026 07:06
ecdb8d58-6241-4727-ada2-6e4f51e520b7,algometric.gmbh,available,45.99,45.99,medium,low,10,namesilo,,,
4e337ceb-1304-4767-ac04-3df4f49c29fb,spacecraft.gmbh,available,45.99,45.99,high,low,10,namesilo,,,21/09/2026 22:54
e5c2f9f5-bc56-478e-bccf-c487e2ee03d1,sunburnt.gmbh,available,45.99,45.99,medium,low,8,namesilo,,,11/09/2026 01:48
866a7752-ddbe-4009-b948-bd615f70c88f,rushing.gmbh,available,47.99,,high,low,7,name.com,,,
2166acd2-0afc-495d-a70d-7bae39ac1d16,unstressed.gmbh,available,45.99,45.99,medium,low,10,namesilo,,,12/09/2026 20:37
31c4295b-4b8a-4ae0-a507-56fd84929db6,enhance.gmbh,available,45.99,45.99,high,low,7,namesilo,,,
7b134c3a-cac7-4a5b-b2b8-890efb3a230d,chthonian.gmbh,available,45.99,45.99,medium,low,9,namesilo,,,12/08/2026 07:26
78cdc955-ddef-4455-bd8d-d957069732c1,collision.gmbh,available,45.99,45.99,high,low,9,namesilo,,,
be6de700-2368-41a5-b877-4a6be82fb503,allocator.gmbh,available,45.99,45.99,high,low,9,namesilo,,,18/09/2026 11:47
2ba00607-3fe2-4bbe-a68f-25d802f1e67a,pointed.gmbh,available,45.99,45.99,high,low,7,namesilo,,,08/09/2026 22:36
59442893-8427-4fa9-baaa-22220a87f8be,tweet.gmbh,available,45.99,45.99,high,low,5,namesilo,,,
da61ccf3-c870-4053-8384-8b997f57aad6,ninth.gmbh,available,45.99,45.99,high,low,5,namesilo,,,
61b9d2fd-0474-4949-ba8e-bafbc01c6f76,frizzly.gmbh,available,45.99,45.99,medium,low,7,namesilo,,,18/08/2026 16:06
fdabccad-6262-4408-9801-cca6d05c23c8,apple.gmbh,available,,,high,high,5,,,,
f2e6fe66-fdda-40ea-8697-18f4199f954f,tire.gmbh,available,47.98,56.98,high,low,4,namecheap,,,25/09/2026 11:34
14a3b11b-f71d-453c-afe4-d3f95d1ce130,raw.gmbh,available,45.99,45.99,high,low,3,namesilo,,,08/08/2026 18:20
e21e2b83-8736-4728-9a6f-e0fbeb092b6d,temporarily.gmbh,available,45.99,45.99,medium,low,11,namesilo,,,
ddad66e3-5cdd-4dca-8f58-593d047cb716,ascending.gmbh,available,45.99,45.99,high,low,9,namesilo,,,07/08/2026 00:51
7134fa79-6a9d-40c6-a067-cdf5cd33abf1,unclouded.gmbh,available,45.99,45.99,medium,low,9,namesilo,,,12/08/2026 12:35
8578b2db-3a91-48ab-9b03-a301e67ae2e4,dallas.gmbh,available,45.99,45.99,high,low,6,namesilo,,,25/09/2026 04:35
4253dc0c-a981-4b24-b217-a2a721fc1eca,inka.gmbh,available,45.99,45.99,medium,low,4,namesilo,,,22/08/2026 00:48
b8a62a94-ffa7-4ac1-82af-a084515d114e,times.gmbh,available,47.99,,high,low,5,name.com,,,
e71c7d84-0e89-4e77-a6d0-633aaa7b7be1,cupidity.gmbh,available,45.99,45.99,medium,low,8,namesilo,,,21/09/2026 08:48
000959d2-6eb6-457b-a95d-c06f902c0f3d,program.gmbh,available,47.98,56.98,high,low,7,namecheap,,,24/09/2026 17:00
6df940de-7094-422e-be56-ac8e32691099,armament.gmbh,available,45.99,45.99,high,low,8,namesilo,,,20/09/2026 06:31
41f0ba31-678b-472b-ab62-907a0b1c81eb,podlike.gmbh,available,45.99,45.99,medium,low,7,namesilo,,,08/09/2026 22:31
6b410e49-2f21-4ee7-9d14-8a90cf54934e,recover.gmbh,available,45.99,45.99,high,low,7,namesilo,,,
a5bad687-d64e-4891-a8af-3dc628634bf9,ani.gmbh,available,47.98,56.98,high,low,3,namecheap,,,19/09/2026 08:25
ad792b50-dbcb-40b5-b057-029a9432d349,region.gmbh,available,45.99,45.99,high,low,6,namesilo,,,
4768969e-6208-4c66-af06-91a6cc2b2e13,backhoe.gmbh,available,47.98,56.98,high,low,7,namecheap,,,21/09/2026 15:37
71cedd2f-2ebb-4575-80b8-dbfdae8515e5,lan.gmbh,available,45.99,45.99,high,low,3,namesilo,,,
9228c8f7-6f6f-44f0-9ff0-a76d53f2c28e,unbridled.gmbh,available,45.99,45.99,high,low,9,namesilo,,,12/09/2026 04:31
9142777f-ee5e-4170-aba1-98a988a020dd,vaulting.gmbh,available,45.99,45.99,high,low,8,namesilo,,,04/09/2026 21:34
542a319e-c5e7-4af4-a924-d943297b559f,cooling.gmbh,available,45.99,45.99,high,low,7,namesilo,,,12/08/2026 05:28
c1dd06b2-0c31-4ff7-a371-63ee4d38b6c9,gibbs.gmbh,available,45.99,45.99,high,low,5,namesilo,,,25/09/2026 06:33
8c7de93e-d303-4331-84d9-ae934ece882d,erect.gmbh,available,45.99,45.99,high,low,5,namesilo,,,17/08/2026 12:04
baf84e4c-475c-4a61-96b8-a24ef022d541,travelable.gmbh,available,47.98,56.98,medium,low,10,namecheap,,,11/09/2026 19:05
852cd1e6-747a-4dd1-bc46-972a0791e1de,brassy.gmbh,available,45.99,45.99,medium,low,6,namesilo,,,11/08/2026 02:33
b97e2c82-5da3-4c96-9410-7d23e121afc7,orwellian.gmbh,available,47.98,56.98,medium,low,9,namecheap,,,04/09/2026 18:08
8b1339e6-4f40-4f6b-acb0-0796704b5758,libraries.gmbh,available,47.99,52.99,medium,low,9,name.com,,,20/09/2026 00:02
06afe573-9409-4948-bb45-cf16b1bead1a,clearing.gmbh,available,45.99,45.99,high,low,8,namesilo,,,24/09/2026 15:28
0f44598a-bb2f-4969-9ccf-4175c39338af,barytes.gmbh,available,45.99,45.99,medium,low,7,namesilo,,,22/09/2026 06:13
5c569b95-dc73-45f1-b60d-af9d1f79ed4b,worker.gmbh,available,45.99,45.99,high,low,6,namesilo,,,
43ac23e0-85e4-4ce5-9744-61dfeac263f3,wishfully.gmbh,available,45.99,45.99,medium,low,9,namesilo,,,16/09/2026 11:32
aaa5022c-27a6-4c1e-9254-76cd369f5dca,truthful.gmbh,available,45.99,45.99,high,low,8,namesilo,,,11/09/2026 20:51
4d819ee5-65df-470d-b203-2001c892775c,transverse.gmbh,available,45.99,45.99,high,low,10,namesilo,,,13/08/2026 07:54
678a2fbf-1500-4a2a-9b91-3264906295e2,plaguey.gmbh,available,45.99,45.99,medium,low,7,namesilo,,,
96f27bef-61c0-4c03-9a77-2eac7b3cbb6f,cheerfully.gmbh,available,45.99,45.99,high,low,10,namesilo,,,
d5ec3c41-8a93-453a-b42e-3d17c3e8b698,endergonic.gmbh,available,45.99,45.99,medium,low,10,namesilo,,,17/08/2026 00:55
3c3b1ae5-3b77-4414-bba8-324e7c3e8ab0,pram.gmbh,available,45.99,45.99,high,low,4,namesilo,,,21/09/2026 13:20
07fb3d72-c07e-425d-a664-1eec50458d30,gloves.gmbh,available,45.99,45.99,high,low,6,namesilo,,,25/09/2026 19:42
65911292-a8fd-4aa8-9a54-dfe9c1827173,wry.gmbh,available,45.99,45.99,high,low,3,namesilo,,,22/08/2026 10:08
80abff95-5c03-4114-823d-4d03bb9103ee,berserker.gmbh,available,45.99,45.99,medium,low,9,namesilo,,,09/08/2026 15:17
8256b9e0-af1a-47c1-a21f-7431d427e82c,allowable.gmbh,available,45.99,45.99,high,low,9,namesilo,,,
703f60ba-f706-499e-b6bb-4934adac6a55,ears.gmbh,available,45.99,45.99,medium,low,4,namesilo,,,25/09/2026 16:57
32932bc6-f7a4-445a-9af8-64b4a442f13d,matted.gmbh,available,45.99,45.99,medium,low,6,namesilo,,,24/08/2026 16:52
bfba0010-d515-4d04-9e50-7502ab4fb357,lutetium.gmbh,available,45.99,45.99,medium,low,8,namesilo,,,20/09/2026 23:39
bb237622-fdc1-458a-a384-5076f6259058,sailing.gmbh,available,45.99,45.99,high,low,7,namesilo,,,10/09/2026 00:37
738b666f-223f-41f7-b028-55a2572cf74b,backplate.gmbh,available,47.98,56.98,medium,low,9,namecheap,,,21/09/2026 15:46
90f3dcda-fa4c-45c5-bf9b-1d0eca78c7c5,bean.gmbh,available,45.99,45.99,high,low,4,namesilo,,,
f619b0bf-06fa-4ef4-8f4e-0148797c2765,unsightly.gmbh,available,47.98,56.98,medium,low,9,namecheap,,,12/09/2026 19:53
542afec7-0238-440c-9e97-f6c41041022c,alep.gmbh,available,45.99,45.99,medium,low,4,namesilo,,,18/09/2026 05:14
767aedc6-dccf-44e1-8ced-9321633ec515,docket.gmbh,available,45.99,45.99,high,low,6,namesilo,,,17/09/2026 17:03
35420dfe-545b-41dc-a7c5-ba42b9fd6c73,apparel.gmbh,available,47.99,,high,low,7,name.com,,,
7c99a772-b76c-4879-95d2-ccec72f7d760,masked.gmbh,available,45.99,45.99,high,low,6,namesilo,,,12/08/2026 11:32
f03e7842-5514-4726-bd67-1d74e769aba8,fatherly.gmbh,available,45.99,45.99,high,low,8,namesilo,,,17/08/2026 23:36
c7211091-206b-4704-aa9f-94fe19f02c1f,thriving.gmbh,available,47.98,56.98,high,low,8,namecheap,,,10/08/2026 19:22
89de5986-4d08-4ea9-a2f2-6eac3baa37c3,arthropoda.gmbh,available,45.99,45.99,high,low,10,namesilo,,,20/09/2026 10:41
0023225c-c663-4348-86bf-cff31687b222,underestimated.gmbh,available,47.99,,medium,low,14,name.com,,,
fa9e06c4-754a-4387-852c-310c4dae959d,castled.gmbh,available,47.98,56.98,medium,low,7,namecheap,,,11/08/2026 20:28
2e5f9ada-083e-42ba-b980-172378358519,aecium.gmbh,available,45.99,45.99,medium,low,6,namesilo,,,17/09/2026 12:08
c2e2845d-6f5f-4265-b6cf-0e13e7db6d4e,gammy.gmbh,available,47.98,56.98,medium,low,5,namecheap,,,18/08/2026 20:04
84a78f78-678d-456d-aba2-b126cb3715c0,tranquil.gmbh,available,45.99,45.99,high,low,8,namesilo,,,11/08/2026 14:53
d7e74ac3-bed5-400f-a75e-7e76b651c95c,building.gmbh,available,45.99,45.99,high,low,8,namesilo,,,
4a497e61-921d-4218-8e4c-1543d9adbd18,disastrous.gmbh,available,45.99,45.99,medium,low,10,namesilo,,,11/08/2026 13:30
5035a5a5-4e35-4601-a89e-2e40656c71ed,spherical.gmbh,available,45.99,45.99,high,low,9,namesilo,,,08/08/2026 10:21
7433516d-aa02-46c7-8feb-8a3449dde845,unlined.gmbh,available,45.99,45.99,medium,low,7,namesilo,,,12/09/2026 14:54
8e77fd3f-8063-4cda-bb31-72adb0e73400,whole.gmbh,available,45.99,45.99,high,low,5,namesilo,,,22/09/2026 00:29
c28190e2-78c5-4297-80bc-f3b90f7aca96,clay.gmbh,available,45.99,45.99,high,low,4,namesilo,,,
f6bd00ee-4468-4eef-b3ef-3dc0ee947210,nonwhite.gmbh,available,47.99,52.99,medium,low,9,name.com,,,13/08/2026 18:06
35c18666-6d46-4668-8763-ce74faf415e8,arawak.gmbh,available,45.99,45.99,high,low,6,namesilo,,,06/08/2026 12:38
d833e924-8dd5-45e7-a4da-c074f2b17681,suspended.gmbh,available,45.99,45.99,medium,low,9,namesilo,,,11/09/2026 04:55
06683533-45f6-4024-bce3-427efe4cd7c7,celluloid.gmbh,available,45.99,45.99,high,low,9,namesilo,,,11/08/2026 23:34
999a2715-7710-4b5e-a6d4-3b14e83ad62c,finite.gmbh,available,45.99,45.99,high,low,6,namesilo,,,18/08/2026 05:02
5abe3b20-b5fe-4d1d-9419-71f92a1e77ad,obvious.gmbh,available,47.98,56.98,high,low,7,namecheap,,,25/09/2026 23:50
9bfb3091-2b01-4c8a-ae83-72d382a7e6e3,anaphor.gmbh,available,45.99,45.99,medium,low,7,namesilo,,,19/09/2026 02:12
22830e6e-b30b-4791-900f-f7ab1547b3f6,sundress.gmbh,available,47.99,,high,low,8,name.com,,,
463f1b9e-cbc0-42f9-a1bb-33b2cd944591,familial.gmbh,available,47.98,56.98,high,low,8,namecheap,,,17/08/2026 21:41
f7d48ca1-72c1-4f87-9444-2d2f4ee8cd55,hopes.gmbh,available,47.98,56.98,high,low,5,namecheap,,,25/09/2026 19:44
3394d4b4-4067-4e0d-854a-e47b822665ee,prissy.gmbh,available,47.98,56.98,medium,low,6,namecheap,,,04/09/2026 21:22
fc233a5f-6754-4423-850a-f8925929a114,panty.gmbh,available,45.99,45.99,high,low,5,namesilo,,,09/09/2026 22:42
f73811a0-6759-4efa-8e94-9cf45f52ff4f,agio.gmbh,available,47.98,56.98,high,low,4,namecheap,,,17/09/2026 18:01
c2dfbfa2-2738-4886-b23c-f1f683c3deb5,dry.gmbh,available,47.98,56.98,high,low,3,namecheap,,,24/09/2026 12:15
b6d8585d-3dc2-4ea9-a3d9-dbb2b42430aa,myspace.gmbh,available,,,high,medium,7,,,,
6906302a-6fb8-47f9-8fbe-43a6da9103cc,hale.gmbh,available,45.99,45.99,high,low,4,namesilo,,,20/08/2026 22:23
42e3fe26-3528-46cb-8e07-d2b4b8da040e,rectify.gmbh,available,45.99,45.99,high,low,7,namesilo,,,23/09/2026 23:41
10dc80bb-007e-446c-ac50-242b493ff23b,ult.gmbh,available,45.99,45.99,high,low,3,namesilo,,,11/09/2026 22:48
eded087b-62e5-4395-af0d-0673fbdaea20,lightweight.gmbh,available,45.99,45.99,high,low,11,namesilo,,,
97d9d678-4b68-4ba4-b8f7-d1adbd1c256e,lacerate.gmbh,available,47.98,56.98,medium,low,8,namecheap,,,22/08/2026 17:51
d43be96f-76a5-4902-bba2-f28fd0b1b03b,incisive.gmbh,available,45.99,45.99,medium,low,8,namesilo,,,22/08/2026 01:21
6c7a4f79-7709-4be8-826a-dff567aba65f,nazarene.gmbh,available,45.99,45.99,high,low,8,namesilo,,,14/08/2026 23:06
b9c4963d-4811-4fbb-b612-beb242799d1b,edited.gmbh,available,45.99,45.99,high,low,6,namesilo,,,15/08/2026 11:05
c9f60cc2-19e5-45b5-bf32-d2ff38f542c3,ridden.gmbh,available,45.99,45.99,high,low,6,namesilo,,,
7e6cb0c1-9ce0-470c-8bad-b73eda1a1ae0,chosen.gmbh,available,45.99,45.99,high,low,6,namesilo,,,16/08/2026 02:32
67e66b2f-2df7-4090-869c-9ff99e9d7619,barite.gmbh,available,45.99,45.99,medium,low,6,namesilo,,,22/09/2026 06:13
90c00280-581a-4a07-9d91-0f091e2db5b0,mortgaged.gmbh,available,45.99,45.99,high,low,9,namesilo,,,25/08/2026 06:38
7a4d0f0b-b1cb-4eb9-8eca-9336a685a6ec,girdle.gmbh,available,47.98,56.98,high,low,6,namecheap,,,24/09/2026 15:02
53399b58-f215-44b6-85a0-18a588f806ae,propulsion.gmbh,available,45.99,45.99,high,low,10,namesilo,,,17/09/2026 05:22
57c9ccdc-03ec-4ff6-b4e6-d5d00044cf15,reserve.gmbh,available,45.99,45.99,high,low,7,namesilo,,,06/08/2026 09:16
830bfb6a-5281-463b-975f-1c35361eaa9a,insurgent.gmbh,available,45.99,45.99,high,low,9,namesilo,,,22/08/2026 07:44
e1fecc63-6d79-42ca-a44c-8845eccc4739,bizet.gmbh,available,45.99,45.99,medium,low,5,namesilo,,,23/09/2026 23:23
f4c9bbb7-25c5-4e90-a494-e27db9c93b94,humbled.gmbh,available,45.99,45.99,high,low,7,namesilo,,,21/08/2026 15:00
7165e993-424e-463a-a28a-f622e6e47a2e,lutheran.gmbh,available,45.99,45.99,high,low,8,namesilo,,,24/08/2026 12:23
f7c24fc3-21d3-4962-8713-2f9c2041694b,arkansan.gmbh,available,45.99,45.99,medium,low,8,namesilo,,,20/09/2026 06:11
4ea30f81-118b-44bc-b654-b8611a5e1f48,curt.gmbh,available,45.99,45.99,medium,low,4,namesilo,,,11/08/2026 07:05
9cfcc053-14c9-4daf-83f8-07d046cd46e6,cameron.gmbh,available,47.98,56.98,high,low,7,namecheap,,,25/09/2026 21:03
7d9c4e2f-94e5-42fc-8586-4e4c070d6c4d,barkeep.gmbh,available,45.99,45.99,high,low,7,namesilo,,,22/09/2026 06:22
3183ce92-8ffa-45b8-8ae5-05a07ae46bba,alphabetic.gmbh,available,47.98,56.98,high,low,10,namecheap,,,22/09/2026 02:10
09c35ddd-df16-4321-b7c2-6d51746400e3,oncoming.gmbh,available,45.99,45.99,high,low,8,namesilo,,,04/09/2026 14:27
677135df-b485-465d-835a-e849d5b55c05,behalf.gmbh,available,45.99,45.99,high,low,6,namesilo,,,23/09/2026 03:04
45aa286d-8781-4932-a0ba-78d94aa8d7ec,doomed.gmbh,available,45.99,45.99,medium,low,6,namesilo,,,14/08/2026 15:57
433fcead-b550-4eca-90dc-ef2a3f3a63bd,aniline.gmbh,available,45.99,45.99,high,low,7,namesilo,,,18/09/2026 21:45
7cbf3425-3281-4076-ad95-871fd30cb18e,strindberg.gmbh,available,45.99,45.99,high,low,10,namesilo,,,21/09/2026 03:49
8ed589f2-d76b-4620-8717-d8a6f26a2e8d,corey.gmbh,available,45.99,45.99,high,low,5,namesilo,,,26/09/2026 03:27
007b2113-9e3a-4d3d-891a-5a477013e439,defence.gmbh,available,47.99,,high,low,7,name.com,,,
94b5d8e0-a9ac-445c-8fee-11c2f10dfbb9,shaft.gmbh,available,45.99,45.99,high,low,5,namesilo,,,
0c80f33c-ca5b-4e17-a215-f1c5c9987d9d,respectfully.gmbh,available,45.99,45.99,high,low,12,namesilo,,,
4cf39b26-1709-4784-b4e5-efbea5eef9bc,liked.gmbh,available,45.99,45.99,high,low,5,namesilo,,,25/09/2026 13:43
a4d6ba0d-b3b8-4ad5-ab35-d2044fe1d996,grandly.gmbh,available,45.99,45.99,medium,low,7,namesilo,,,14/09/2026 22:02
20110570-28df-4f89-b844-a71198f7e894,featured.gmbh,available,45.99,45.99,high,low,8,namesilo,,,24/09/2026 17:26
c1dcd70d-bab3-4957-be00-2c1a6f8fa238,basiliscus.gmbh,available,45.99,45.99,medium,low,10,namesilo,,,22/09/2026 10:53
52c2afeb-0fd8-487f-8845-4b49b8eb487c,sixties.gmbh,available,47.98,56.98,high,low,7,namecheap,,,16/09/2026 12:11
f0860d4a-a44f-4d29-bfbd-d16438f25385,weaned.gmbh,available,45.99,45.99,medium,low,6,namesilo,,,13/09/2026 08:53
e736f53f-c639-46f5-b6c3-42fa96d1e830,dried.gmbh,available,47.98,56.98,high,low,5,namecheap,,,14/08/2026 18:59
29e2492d-e0f4-40fb-a935-e95ccefaf3ee,birdwatch.gmbh,available,47.98,56.98,high,low,9,namecheap,,,23/09/2026 19:35
1c7dd128-657b-4794-b382-b214c12912c5,repose.gmbh,available,47.98,56.98,high,low,6,namecheap,,,20/09/2026 19:37
bd619295-47a5-4f8e-a1c2-9468f087b162,astrodome.gmbh,available,47.98,56.98,medium,low,9,namecheap,,,20/09/2026 17:37
da6196fc-e66e-41e9-9fa9-d39fc2a9150b,bifocals.gmbh,available,45.99,45.99,high,low,8,namesilo,,,23/09/2026 13:53
4c73b0e0-314e-48e3-9250-ac14102493ea,dismount.gmbh,available,45.99,45.99,high,low,8,namesilo,,,24/09/2026 22:48
0474180f-650c-41fb-93e3-0b36b8a14e06,bandanna.gmbh,available,45.99,45.99,high,low,8,namesilo,,,22/09/2026 00:59
1a31ee4d-2e92-4491-b7fa-da26c74ceb27,applejack.gmbh,available,47.98,56.98,high,low,9,namecheap,,,19/09/2026 21:35
089f3e2b-8c43-4946-ac8d-42bdc84bfcd9,plastic.gmbh,available,47.98,56.98,high,low,7,namecheap,,,25/09/2026 21:21
9a11a204-cfd9-4fcc-9106-bfa92be83008,anxiety.gmbh,available,45.99,45.99,high,low,7,namesilo,,,19/09/2026 15:59
8e0fec4a-a473-4f23-9d24-551c7e6e4f33,soda.gmbh,available,45.99,45.99,high,low,4,namesilo,,,25/09/2026 10:32
6fc4de4f-a120-4384-bfdc-e2630cd691d8,aquifer.gmbh,available,45.99,45.99,high,low,7,namesilo,,,19/09/2026 23:11
2298cbbd-3723-465c-a1c0-13a27f961106,digression.gmbh,available,47.98,56.98,high,low,10,namecheap,,,24/09/2026 22:18
c048d9f6-4b0a-4393-80c8-4eee8a487d7e,rimmed.gmbh,available,45.99,45.99,medium,low,6,namesilo,,,09/09/2026 17:45
f1c1d53d-f5ca-4e46-af52-7308c9922c39,incestuous.gmbh,available,45.99,45.99,medium,low,10,namesilo,,,22/08/2026 01:12
aa9dc91a-3b16-42ac-87bb-5ad101dd8872,bemock.gmbh,available,45.99,45.99,medium,low,6,namesilo,,,25/08/2026 02:26
93ffb19f-e548-41e1-8d2e-c072ae8e8bbc,parentage.gmbh,available,45.99,45.99,medium,low,9,namesilo,,,08/09/2026 13:25
5aadded4-2792-42b9-bd24-b51fac69a643,acetone.gmbh,available,45.99,45.99,high,low,7,namesilo,,,17/09/2026 00:07
cfe69f8d-efd1-476d-999e-ea9a2c58a21d,outcome.gmbh,available,45.99,45.99,high,low,7,namesilo,,,
e6c8d99b-f2cf-4206-9602-b93bbd3d1399,hutton.gmbh,available,45.99,45.99,high,low,6,namesilo,,,25/09/2026 07:41
a9b8c481-bdac-457f-bfc1-ee6d28f8eb6c,fleecy.gmbh,available,45.99,45.99,medium,low,6,namesilo,,,18/08/2026 07:42
53fd8524-c8a0-4cc6-97eb-1df3cf1b86c0,gainfully.gmbh,available,47.98,56.98,high,low,9,namecheap,,,14/09/2026 20:58
d1d92fc7-cc1e-4601-9262-01dd456fd18f,readily.gmbh,available,45.99,45.99,medium,low,7,namesilo,,,15/09/2026 21:42
13f1fa2f-ea3f-465b-972b-1a7b67cf6276,importance.gmbh,available,47.99,,high,low,10,name.com,,,
4a19cba7-4583-4544-9542-c314fdbbeb14,beaten.gmbh,available,45.99,45.99,medium,low,6,namesilo,,,09/08/2026 05:47
958e8d90-6e62-4094-9ebc-30e3aefc5b77,astound.gmbh,available,45.99,45.99,high,low,7,namesilo,,,
a3e7067f-f418-494c-84e7-3b487d720354,unlovely.gmbh,available,45.99,45.99,medium,low,8,namesilo,,,12/09/2026 15:12
096bf828-a8bc-460d-a768-7c490af5b076,row.gmbh,available,45.99,45.99,high,low,3,namesilo,,,25/09/2026 05:05
896e98af-22f4-43c5-a286-6f3913de885d,amiss.gmbh,available,45.99,45.99,high,low,5,namesilo,,,
e0c5cd69-de87-461e-939f-affdace32eb3,drugless.gmbh,available,47.98,56.98,medium,low,8,namecheap,,,14/08/2026 20:11
575d89fd-9531-4c78-b37a-992030189975,anteroom.gmbh,available,45.99,45.99,medium,low,8,namesilo,,,19/09/2026 12:42
b89c959c-8222-45a3-b0f1-15e83eba27d4,chthonic.gmbh,available,45.99,45.99,medium,low,8,namesilo,,,12/08/2026 07:28
2a8fcbc0-82f4-4208-8f7f-6cceed78d86b,keister.gmbh,available,45.99,45.99,low,low,7,namesilo,,,09/08/2026 11:08
e177a916-3c52-45f5-86fb-4d5ac4a1f826,toward.gmbh,available,45.99,45.99,high,low,6,namesilo,,,
78922c59-7332-4b9e-ad44-4e668d1fd38d,last.gmbh,available,47.98,56.98,high,low,4,namecheap,,,23/09/2026 14:48
e235957c-4512-4302-9b65-31a056ffc107,delusory.gmbh,available,47.98,56.98,low,low,8,namecheap,,,13/08/2026 21:18
89bd77a6-8769-4b2a-a6c3-c7482f08df44,scaly.gmbh,available,45.99,45.99,high,low,5,namesilo,,,23/08/2026 00:05
bbf20d4d-5f9d-4732-a689-568502926747,verdant.gmbh,available,45.99,45.99,high,low,7,namesilo,,,13/09/2026 02:22
a71463bd-2e96-4c80-9ce8-7184cf9b4de7,amiability.gmbh,available,45.99,45.99,high,low,10,namesilo,,,17/09/2026 13:57
976ebb70-4636-40f0-8258-4c7d9477fb88,bone.gmbh,available,45.99,45.99,high,low,4,namesilo,,,22/09/2026 23:37
b4382c80-9446-446d-9d94-a35aa18bfae1,boding.gmbh,available,45.99,45.99,medium,low,6,namesilo,,,18/08/2026 11:34
c5eba2f7-0a33-45e3-a875-cd397d228b90,dreamlike.gmbh,available,45.99,45.99,high,low,9,namesilo,,,14/08/2026 18:45
f4950aff-2da2-4da3-a0c3-ea65bafc4983,filipino.gmbh,available,45.99,45.99,high,low,8,namesilo,,,18/08/2026 04:19
da30e24d-f6a7-4dec-b341-31db72a40522,spoiled.gmbh,available,45.99,45.99,high,low,7,namesilo,,,10/09/2026 16:20
246133f1-bb39-4444-aaf1-cd2d8b458282,cloze.gmbh,available,45.99,45.99,medium,low,5,namesilo,,,12/08/2026 12:54
7be9f8bd-78c1-4766-8a54-ed085af57671,vie.gmbh,available,45.99,45.99,high,low,3,namesilo,,,
4d440b8c-8533-4ed8-bdd7-c7de5ad1f460,platonic.gmbh,available,47.98,56.98,high,low,8,namecheap,,,08/09/2026 20:53
d1faace3-83b1-4f15-861a-c3358082ead9,birthday.gmbh,available,45.99,45.99,high,low,8,namesilo,,,
a7375963-d741-4c01-8946-293290558c79,agonist.gmbh,available,47.98,56.98,medium,low,7,namecheap,,,17/09/2026 18:56
14d9e7e2-e1ca-4ea6-9196-9a79304e2d71,rejoicing.gmbh,available,45.99,45.99,high,low,9,namesilo,,,17/08/2026 19:50
d11b6af5-8065-4f4a-a4b1-2803c1ae7950,died.gmbh,available,45.99,45.99,low,low,4,namesilo,,,
1a7c4d14-34fa-4927-98d4-90a2d7035b7b,indicative.gmbh,available,47.98,56.98,high,low,10,namecheap,,,13/08/2026 21:42
1954566e-f5ec-4c7d-b31b-97df4915a0ac,feeble.gmbh,available,47.99,52.99,medium,low,6,name.com,,,13/08/2026 20:30
9652c9ff-1ed1-459d-b57d-17581783268a,allomorph.gmbh,available,45.99,45.99,medium,low,9,namesilo,,,18/09/2026 11:59
a72839ba-24c4-4c7a-a39b-90623e59fc44,doing.gmbh,available,45.99,45.99,high,low,5,namesilo,,,25/09/2026 11:30
9b45081a-a07b-4f5a-9cfe-79b9edadebe3,notify.gmbh,available,45.99,45.99,high,low,6,namesilo,,,
b7c88347-e749-4b20-9a43-4750952cb94f,deceiver.gmbh,available,45.99,45.99,medium,low,8,namesilo,,,23/09/2026 02:29
bb16f591-0e4c-4d94-a3e6-b93165cb9b60,rattling.gmbh,available,45.99,45.99,high,low,8,namesilo,,,11/08/2026 04:30
a15b09dd-58ed-40c7-b182-5b21b5105f4a,testator.gmbh,available,45.99,45.99,medium,low,8,namesilo,,,11/09/2026 12:02
74922774-f9ab-442f-9f90-0e0cb754646a,limo.gmbh,available,45.99,45.99,high,low,4,namesilo,,,
9402ca0e-0534-4d64-883f-9105a8a976a7,malaria.gmbh,available,45.99,45.99,high,low,7,namesilo,,,
2fe4107c-9340-4c68-8231-b27e3183dcc3,noticeable.gmbh,available,45.99,45.99,high,low,10,namesilo,,,24/09/2026 07:23
595f2e00-59b5-45c7-9bb3-63110f0b49cc,practically.gmbh,available,45.99,45.99,high,low,11,namesilo,,,25/09/2026 11:39
c849714d-e8a3-45db-bc82-63598d32dbbd,clients.gmbh,available,47.98,56.98,high,low,7,namecheap,,,19/09/2026 19:21
83d96e98-cb52-4de6-ba5e-713cb40eb6bf,broccoli.gmbh,available,47.99,,high,low,8,name.com,,,
9384c08d-b3ff-453a-97c8-472052cf92c2,chemical.gmbh,available,45.99,45.99,high,low,8,namesilo,,,08/09/2026 15:30
fba8e55e-b90c-42a2-9863-b42d7e0c4166,coffeeberry.gmbh,available,45.99,45.99,high,low,12,namesilo,,,
693c9736-5a12-4dda-95a9-a87713ec1dde,collected.gmbh,available,45.99,45.99,high,low,9,namesilo,,,12/08/2026 17:00
b83cca85-6912-4d6d-833d-343eddfeda78,doubtful.gmbh,available,47.98,56.98,high,low,8,namecheap,,,24/09/2026 11:52
37590b28-7a7e-4c69-b078-01c2781fcd03,unify.gmbh,available,45.99,45.99,high,medium,5,namesilo,,,22/09/2026 03:16
1fa8de08-aa14-4757-a64b-dc3bc992f2d7,blur.gmbh,available,45.99,45.99,high,low,4,namesilo,,,10/08/2026 14:05
15950763-a233-4eec-a61f-ee9964c49b84,wolfsbane.gmbh,available,45.99,45.99,medium,low,9,namesilo,,,17/09/2026 02:06
d5b309bf-1a66-4741-bc21-a29eb5a28921,irrelevant.gmbh,available,47.98,56.98,high,low,10,namecheap,,,25/09/2026 11:28
cd7eba7c-50b4-4cce-b38d-6fef86d2e8c4,parishes.gmbh,available,45.99,45.99,medium,low,8,namesilo,,,18/09/2026 08:08
ddc03bd4-2727-4871-a534-4d261221712c,dependable.gmbh,available,45.99,45.99,high,low,10,namesilo,,,14/08/2026 02:04
2507fe0a-7209-49bf-9eb8-747abeead2b7,irritating.gmbh,available,45.99,45.99,medium,low,10,namesilo,,,
60a7a07a-25ee-4d23-a2d3-890e23a3a562,shipping.gmbh,available,45.99,45.99,high,low,8,namesilo,,,24/09/2026 02:37
3541da58-55d2-4020-81f0-dba399ad6b21,loose.gmbh,available,45.99,45.99,medium,low,5,namesilo,,,22/09/2026 10:42
6e87c4fc-2266-4df8-af5f-23fd0ba81de0,quid.gmbh,available,45.99,45.99,high,low,4,namesilo,,,24/09/2026 10:37
e4366b0d-d84a-4034-b162-07f6238421e6,examine.gmbh,available,45.99,45.99,high,low,7,namesilo,,,
e978c03d-b89a-47c6-9065-da20e033f00d,apothecary.gmbh,available,45.99,45.99,high,low,10,namesilo,,,19/09/2026 19:42
9d111e5e-5029-4efe-9c5d-77a536ddd06a,untypical.gmbh,available,45.99,45.99,medium,low,9,namesilo,,,07/08/2026 16:10
116cb562-72d9-46f3-8bba-0698fc2f83e7,fascist.gmbh,available,45.99,45.99,medium,low,7,namesilo,,,17/08/2026 22:58
2e241fdc-0432-4020-8a33-e506edb96e54,affix.gmbh,available,45.99,45.99,high,low,5,namesilo,,,17/09/2026 14:37
56a173eb-bebf-4510-84cd-25dd75a5dbe6,colorado.gmbh,available,47.98,56.98,high,low,8,namecheap,,,24/09/2026 13:30
c6076405-1a05-4ade-b05f-9484e8b7c630,andromeda.gmbh,available,47.99,,high,low,9,name.com,,,
3d769d7e-27fb-4db0-9965-3b2ed18549e1,killed.gmbh,available,45.99,45.99,medium,low,6,namesilo,,,17/09/2026 12:17
128dcd1c-52a5-4ffe-bdad-aa8ba439e333,tuesdays.gmbh,available,47.99,,high,low,8,name.com,,,
04454ae0-e8cc-4bee-bce8-c5ee343352e1,aigret.gmbh,available,47.98,56.98,medium,low,6,namecheap,,,17/09/2026 20:56
504a57f3-9188-468f-8e31-e61d75040dda,fires.gmbh,available,45.99,45.99,medium,low,5,namesilo,,,18/09/2026 04:40
df8e7628-590a-4d1c-9cde-ec4eeebd1398,unshaded.gmbh,available,47.98,56.98,medium,low,8,namecheap,,,12/09/2026 19:27
829f11a0-ffbf-4bd1-8b06-ae7604c8f02a,easton.gmbh,available,45.99,45.99,high,low,6,namesilo,,,25/09/2026 16:33
c41b9eb8-92d0-465f-80c0-8513b45b1302,clown.gmbh,available,45.99,45.99,high,low,5,namesilo,,,22/09/2026 06:35
90a27150-8a2b-48a6-9f6f-f90a016ad878,androgenic.gmbh,available,45.99,45.99,medium,low,10,namesilo,,,
fae8012b-4fa7-46c7-999a-3cf1f0bcc3fd,lacking.gmbh,available,45.99,45.99,high,low,7,namesilo,,,
d2422f83-2c02-4064-8b7d-8a28cb455bc9,juvenile.gmbh,available,45.99,45.99,high,low,8,namesilo,,,22/08/2026 14:58
55420ad4-52d6-4746-9e87-70e240157e48,moistness.gmbh,available,47.99,52.99,medium,low,9,name.com,,,13/08/2026 16:47
e0bda964-17ec-44dc-8aa3-80a3ad65cded,inheriting.gmbh,available,45.99,45.99,high,low,10,namesilo,,,22/08/2026 05:04
b69b5c43-8c61-46cd-8ffd-a66acb265a79,lingual.gmbh,available,45.99,45.99,high,low,7,namesilo,,,23/08/2026 15:07
39d0976c-28f2-4df9-81d5-6e2529840a25,ricefield.gmbh,available,45.99,45.99,high,low,10,namesilo,,,
d3e11d36-8b67-458b-b095-cae563bd7b99,constant.gmbh,available,45.99,45.99,high,low,8,namesilo,,,11/08/2026 23:02
14eb2a71-a34b-454b-8f1a-4f63923a419c,uncurbed.gmbh,available,45.99,45.99,medium,low,8,namesilo,,,12/09/2026 04:34
f3a417be-f9b9-4d73-b211-1e863e5bfc5c,xxvii.gmbh,available,45.99,45.99,medium,low,5,namesilo,,,
7612571a-b55d-4b66-b38a-98e2423d92ce,unfading.gmbh,available,45.99,45.99,medium,low,8,namesilo,,,12/09/2026 09:53
3cfa3110-4e86-45ef-9fc6-726c9f251207,anhidrosis.gmbh,available,45.99,45.99,medium,low,10,namesilo,,,19/09/2026 07:47
7d4ca206-7beb-40d8-acd0-e76f26bc0933,definitive.gmbh,available,45.99,45.99,high,low,10,namesilo,,,12/08/2026 09:45
586b1b36-c88b-470f-a13c-e802d04690be,rice.gmbh,available,45.99,45.99,high,low,4,namesilo,,,
3a720232-a57a-4499-80e4-10e8abad7709,grate.gmbh,available,47.98,56.98,high,low,5,namecheap,,,20/08/2026 18:33
7875cfce-e083-4f47-a9fb-64d865845000,forehand.gmbh,available,45.99,45.99,medium,low,8,namesilo,,,18/08/2026 11:38
4b0d68cd-bcd4-4bf0-a6b1-cae01edabcad,evanescent.gmbh,available,45.99,45.99,high,low,10,namesilo,,,17/08/2026 14:37
a1cd4470-2afe-4981-8864-4cdf78b00d8f,morgue.gmbh,available,45.99,45.99,high,low,6,namesilo,,,25/08/2026 06:42
6662b797-cd5e-4830-a977-1f57514c81ff,pulling.gmbh,available,47.98,56.98,high,low,7,namecheap,,,25/09/2026 10:11
43df0f19-379d-4923-b321-3a550aa53946,observable.gmbh,available,45.99,45.99,high,low,10,namesilo,,,03/09/2026 23:59
dd07f6bc-bb1e-48d9-9cc2-6d7940c168de,uppermost.gmbh,available,47.98,56.98,medium,low,9,namecheap,,,11/09/2026 17:48
a82be7e7-7d1e-42fa-95ab-000cb3b4f894,participant.gmbh,available,45.99,45.99,high,low,11,namesilo,,,
4ebe2a3b-42f8-4ec6-90bc-0df3f378f419,telly.gmbh,available,47.98,56.98,high,low,5,namecheap,,,24/09/2026 06:44
bcb3ea27-6e27-441d-9e6f-815a4118f5cc,projected.gmbh,available,45.99,45.99,high,low,9,namesilo,,,22/08/2026 14:46
46954ebd-a067-48a0-9e78-3df0d99dc47f,mortal.gmbh,available,47.99,52.99,high,low,6,name.com,,,13/08/2026 19:33
ce6cbaee-3987-4d55-be9e-067dde3ee64e,grammatic.gmbh,available,47.98,56.98,medium,low,9,namecheap,,,20/08/2026 17:56
0598893e-fc7e-4286-82fe-e318a671babd,brings.gmbh,available,45.99,45.99,medium,low,6,namesilo,,,18/09/2026 15:15
6af194ac-c2f2-459f-b012-39d8ffcf8469,heartfelt.gmbh,available,45.99,45.99,high,low,9,namesilo,,,21/08/2026 02:11
43844a76-f3f7-4691-bee6-b7f7b61d6cee,arabis.gmbh,available,45.99,45.99,medium,low,6,namesilo,,,19/09/2026 23:33
937638f3-81bb-4c62-aa72-8777c1844357,alar.gmbh,available,45.99,45.99,medium,low,4,namesilo,,,
de6d5f75-91a8-4adf-b497-77bcf2f0867f,northmost.gmbh,available,47.98,56.98,medium,low,9,namecheap,,,03/09/2026 21:38
5b2fe09a-c858-491b-8376-f1c5d65b322c,biggish.gmbh,available,45.99,45.99,medium,low,7,namesilo,,,09/08/2026 20:33
e376f82a-4695-4096-8a88-0276c205c7f0,deducible.gmbh,available,45.99,45.99,medium,low,9,namesilo,,,13/08/2026 22:25
ee01e986-97d5-4902-94f5-1cf89ceaa849,bandoneon.gmbh,available,45.99,45.99,medium,low,9,namesilo,,,22/09/2026 01:29
0c6b7f7a-3d60-4442-a383-9361405c4829,mere.gmbh,available,47.98,56.98,high,low,4,namecheap,,,25/09/2026 19:33
c8246b78-e05e-405a-8d68-32053277544c,sing.gmbh,available,45.99,45.99,high,low,4,namesilo,,,
26a4fdfe-08f9-4750-8337-13d6c4708c32,weight.gmbh,available,47.98,56.98,high,low,6,namecheap,,,19/09/2026 19:07
ef7ddb79-9a03-4303-8143-627dbfac3e9c,adjustable.gmbh,available,47.98,56.98,high,low,10,namecheap,,,21/09/2026 18:40
37b8765e-ecec-4bb6-bfe9-97ebeadacb99,cafe.gmbh,available,45.99,45.99,high,low,4,namesilo,,,19/09/2026 13:35
80e9f380-4c4c-409d-a487-88268f0a2ff4,shortly.gmbh,available,45.99,45.99,high,low,7,namesilo,,,
b0d8817f-b07a-4e1f-93a0-aa55c2143094,sissy.gmbh,available,45.99,45.99,medium,low,5,namesilo,,,12/08/2026 08:45
c7becba5-8884-41f2-86b9-f8d90de4fb25,tabu.gmbh,available,45.99,45.99,high,low,4,namesilo,,,18/08/2026 11:04
3d94ccfe-b2bc-40d7-8f36-9f9d389356c9,aggro.gmbh,available,47.99,52.99,medium,low,5,name.com,,,17/09/2026 17:46
2b7ed9a5-237b-458c-ad1d-bb5fe93bca79,constructive.gmbh,available,47.99,,high,low,12,name.com,,,
a09958bd-d063-4b13-a35a-4cbc3a88f372,unsweet.gmbh,available,45.99,45.99,medium,low,7,namesilo,,,10/09/2026 01:07
77198839-88fe-499c-b080-e9cb96e1912c,atop.gmbh,available,45.99,45.99,medium,low,4,namesilo,,,
0c0a8361-9c53-4225-be21-9a8775cd63ed,imperfect.gmbh,available,45.99,45.99,high,low,9,namesilo,,,21/08/2026 22:10
b3139df8-1e8e-4540-92f7-102165cf4bd4,formulated.gmbh,available,45.99,45.99,high,low,10,namesilo,,,18/08/2026 12:22
2107af0d-07b6-4638-b767-4f34e631e72c,homelike.gmbh,available,45.99,45.99,medium,low,8,namesilo,,,21/08/2026 11:03
628bf56f-7650-4c6b-97bc-166aa9b5ed3c,avidness.gmbh,available,45.99,45.99,medium,low,8,namesilo,,,21/09/2026 09:29
33cba2fb-25be-4a8a-b99e-ee0dfece1f4d,pad.gmbh,available,45.99,45.99,high,low,3,namesilo,,,
26ba69ef-3d01-4762-9995-566ff85484fd,whammy.gmbh,available,45.99,45.99,medium,low,6,namesilo,,,21/08/2026 07:39
7c9ae9fc-298c-4651-9edd-3c8558331fa0,playlists.gmbh,available,45.99,45.99,medium,low,9,namesilo,,,21/09/2026 09:24
ad07cf5a-dcec-4da8-98bc-8fb3785b610d,adoptable.gmbh,available,45.99,45.99,high,low,9,namesilo,,,
d8fafe26-2e14-46ae-9764-e9210003af59,ironical.gmbh,available,45.99,45.99,medium,low,8,namesilo,,,22/08/2026 10:06
c7bcc8c0-2b1f-4cb1-8ea8-811626277673,thoughtless.gmbh,available,45.99,45.99,medium,low,11,namesilo,,,
9bae0431-e8bd-4977-a9a4-b54e5ae0e586,seaside.gmbh,available,45.99,45.99,high,low,7,namesilo,,,
a6a556f7-6ed3-49e1-84c7-8c2bce36654b,searing.gmbh,available,45.99,45.99,medium,low,7,namesilo,,,10/09/2026 00:54
998ced63-5615-4324-afbc-9ed1f1f929e0,favorable.gmbh,available,45.99,45.99,high,low,9,namesilo,,,24/09/2026 17:21
2ccabc57-975b-4af3-9de4-d95b3d07fa6c,mothers.gmbh,available,45.99,45.99,high,low,7,namesilo,,,18/09/2026 06:34
4ebd86a0-967e-4b02-b255-79315b7280b9,outside.gmbh,available,47.98,56.98,high,low,7,namecheap,,,21/09/2026 23:49
4ad0ba3e-9989-43dd-8e3a-368aa53f7d1e,patriot.gmbh,available,45.99,45.99,high,low,7,namesilo,,,03/09/2026 13:42
233f151c-c4d6-4a0e-ae0c-e2e514fed125,barde.gmbh,available,45.99,45.99,medium,low,5,namesilo,,,22/09/2026 05:12
01720fd9-0fbe-47fd-b2d9-4f81966e5aac,gyral.gmbh,available,47.98,56.98,medium,low,5,namecheap,,,20/08/2026 21:19
33e1f82d-ab1e-4f02-858f-e2efa892bdb8,sunstone.gmbh,available,45.99,45.99,high,low,8,namesilo,,,21/09/2026 09:07
e5aa3e45-0783-42f2-b0d8-53cef07617a9,baobab.gmbh,available,45.99,45.99,medium,low,6,namesilo,,,17/09/2026 06:21
ff7bd19a-3061-4fe9-a724-b7312b48fc88,ostensible.gmbh,available,45.99,45.99,medium,low,10,namesilo,,,04/09/2026 18:29
f3385909-7ec5-42e5-a415-1485162b6eac,centre.gmbh,available,45.99,45.99,high,low,6,namesilo,,,23/09/2026 13:22
38f32b37-f2f8-4c12-be07-4404dc7189eb,supporter.gmbh,available,45.99,45.99,high,low,9,namesilo,,,22/09/2026 10:07
697d2400-6dc8-4a1c-b0fa-961b6d6bb76d,retentive.gmbh,available,45.99,45.99,high,low,9,namesilo,,,09/09/2026 11:47
51816428-3a56-4aaa-83d2-6dca8170d9e4,condemn.gmbh,available,45.99,45.99,medium,low,7,namesilo,,,
a68806b0-be72-44ed-9152-894cd316126e,stickup.gmbh,available,45.99,45.99,medium,low,7,namesilo,,,20/09/2026 06:38
12456001-554b-4d99-b6cd-04a71457ce3b,humid.gmbh,available,45.99,45.99,high,low,5,namesilo,,,21/08/2026 15:17
fe735073-f346-4e1b-b691-e0337cecc26a,grass.gmbh,available,45.99,45.99,high,low,5,namesilo,,,
77cb0516-81fb-40bf-a17c-d76df0d98890,angularity.gmbh,available,45.99,45.99,medium,low,10,namesilo,,,19/09/2026 07:43
8e045705-b11e-4142-b8e6-187faa2d69a0,bedsore.gmbh,available,47.98,56.98,medium,low,7,namecheap,,,22/09/2026 23:40
7f233ff4-6c7d-4995-916f-73c9161e8c8b,zoomed.gmbh,available,45.99,45.99,medium,low,6,namesilo,,,18/09/2026 03:48
7797cd52-bfca-4683-9a63-f69c35b9be50,romance.gmbh,available,47.99,,high,low,7,name.com,,,
b23b525d-fa7b-4be6-9f71-b7a94c6d054c,theban.gmbh,available,45.99,45.99,high,low,6,namesilo,,,11/09/2026 12:35
89ae949d-052f-4bb0-a74c-d1539fa013aa,footwear.gmbh,available,45.99,45.99,high,low,8,namesilo,,,24/09/2026 02:34
46d471b9-c4d0-4bcd-b905-b598618480a0,elegantly.gmbh,available,45.99,45.99,high,low,9,namesilo,,,14/09/2026 15:17
e7e8e9be-07c8-4e2a-ad55-c1b4ce1a979f,quality.gmbh,available,45.99,45.99,high,low,7,namesilo,,,23/09/2026 14:21
2f05b70a-f300-4723-a07d-355dcf4614d7,piano.gmbh,available,45.99,45.99,high,low,5,namesilo,,,
f5aaa8ad-8d6d-46da-9acd-8fe29ce84752,spidery.gmbh,available,45.99,45.99,medium,low,7,namesilo,,,06/08/2026 11:46
4ce4cf35-9bb5-4c74-bbec-6e15337f0435,gruntle.gmbh,available,45.99,45.99,medium,low,7,namesilo,,,18/08/2026 22:14
ebd4c021-fb8e-4943-ac78-33cf33b82e16,midway.gmbh,available,45.99,45.99,high,low,6,namesilo,,,11/08/2026 23:58
fae1da2f-fc1a-4f41-98b3-6cc8e8f59caa,them.gmbh,available,45.99,45.99,high,low,4,namesilo,,,
78739fdd-f64d-460f-acde-40ebff39edd3,pitch.gmbh,available,45.99,45.99,high,low,5,namesilo,,,21/09/2026 02:42
0b8f1bfe-b214-42d2-9ded-698c70ebc31d,antoninus.gmbh,available,45.99,45.99,high,low,9,namesilo,,,19/09/2026 15:34
e720c6be-2e42-4f9c-944f-9c1acfcf197a,metalloid.gmbh,available,47.98,56.98,medium,low,9,namecheap,,,24/08/2026 21:37
a14e0ee2-79fb-40cd-b623-d71bf7fe3155,demode.gmbh,available,45.99,45.99,medium,low,6,namesilo,,,14/08/2026 01:13
34c5743b-5de3-48cc-85c9-b01e478e84aa,propose.gmbh,available,45.99,45.99,high,low,7,namesilo,,,
8e40cc70-5d1f-404a-ab70-3983a0ad90f2,avowal.gmbh,available,45.99,45.99,medium,low,6,namesilo,,,17/09/2026 14:26
dfa59646-3f69-4228-a75c-cb2f12ee3714,unhealed.gmbh,available,45.99,45.99,medium,low,8,namesilo,,,12/09/2026 12:08
1ff123a2-49d0-4e55-8222-f12812f2a56c,egg.gmbh,available,45.99,45.99,high,low,3,namesilo,,,
a5d4f8da-2b64-4fd7-9a62-2831a38f805d,floss.gmbh,available,47.98,56.98,high,low,5,namecheap,,,24/09/2026 21:54
7b7f5dfd-ce22-43ba-b760-f023f092c02b,unfinished.gmbh,available,45.99,45.99,high,low,10,namesilo,,,12/09/2026 10:17
0d7993f1-076b-4ceb-b815-dab42c369a1b,object.gmbh,available,45.99,45.99,high,low,6,namesilo,,,19/09/2026 05:21
ead4e431-7eda-4b85-8323-7325a67fa44f,plumb.gmbh,available,45.99,45.99,high,low,5,namesilo,,,12/08/2026 10:05
b9b2e372-fcdd-44c8-b81c-3c7c8c7ba5c4,mechanism.gmbh,available,47.99,52.99,high,low,9,name.com,,,24/09/2026 14:15
e5fc5d5e-ac3a-49e5-a555-4061a67d2867,panther.gmbh,available,45.99,45.99,high,low,7,namesilo,,,
708736b7-6c05-49e6-b5ef-378e7135e86e,military.gmbh,available,47.98,56.98,high,low,8,namecheap,,,25/09/2026 20:05
025657b1-b161-46dd-9a1b-c941e5df326f,command.gmbh,available,45.99,45.99,high,low,7,namesilo,,,23/09/2026 13:28
6ea138c7-46e8-422e-9770-5c75ca209002,menopausal.gmbh,available,47.98,56.98,medium,low,10,namecheap,,,24/08/2026 20:15
86b5d5f9-8803-4180-a8c2-896065aeb6a7,traps.gmbh,available,47.98,56.98,high,low,5,namecheap,,,20/09/2026 04:06
73c4029d-d708-4320-abe6-d42b2eec8748,xiv.gmbh,available,45.99,45.99,high,low,3,namesilo,,,21/09/2026 11:42
99df1ae0-705b-4103-9d70-563c022f5906,belief.gmbh,available,45.99,45.99,high,low,6,namesilo,,,23/09/2026 05:12
35473fce-3dac-44b9-949c-bff646e4e229,agate.gmbh,available,45.99,45.99,high,low,5,namesilo,,,17/09/2026 16:25
f936a5a8-631c-4af3-b734-65926c51295c,weekends.gmbh,available,45.99,45.99,high,low,8,namesilo,,,20/09/2026 22:23
43e3f9e0-d596-4c36-af0b-a22cd31cf4b3,mobiles.gmbh,available,45.99,45.99,medium,low,7,namesilo,,,20/09/2026 08:45
ebf18552-0c66-4b36-9929-1014cc27c36e,phrase.gmbh,available,45.99,45.99,high,low,6,namesilo,,,
677e6422-5827-4cd8-b53a-42de95c87559,bleeder.gmbh,available,45.99,45.99,medium,low,7,namesilo,,,24/09/2026 05:24
fa8bc470-e73e-44c7-88ca-5937436f138d,reversed.gmbh,available,45.99,45.99,high,low,8,namesilo,,,
a6feed8b-a92d-4c08-8c6a-9ea8c418be64,servo.gmbh,available,45.99,45.99,high,low,5,namesilo,,,10/09/2026 04:57
30718a9b-f207-496d-a8b8-d10f0d950f24,presently.gmbh,available,45.99,45.99,high,low,9,namesilo,,,
89f59e7d-b2a1-45c4-a828-b93e72b4d5b6,metre.gmbh,available,45.99,45.99,high,low,5,namesilo,,,25/09/2026 15:57
fe8cfc7d-54f6-463d-90e4-118c99825dc1,apropos.gmbh,available,45.99,45.99,high,low,7,namesilo,,,06/08/2026 10:00
889ad0b6-069f-4145-ad64-570d7da8e4c9,clemency.gmbh,available,45.99,45.99,high,low,8,namesilo,,,24/09/2026 15:31
dd6b28cd-04d3-49f8-b56f-18218529b7b9,appellate.gmbh,available,45.99,45.99,high,low,9,namesilo,,,06/08/2026 06:18
5063d213-22fe-4375-9e25-0b52281ec04d,confucius.gmbh,available,45.99,45.99,high,low,9,namesilo,,,24/09/2026 17:15
10613c05-e92b-433b-8b6c-4a0caadcb1b2,wasnt.gmbh,available,45.99,45.99,low,low,5,namesilo,,,
a0141a1e-5aa6-4d1a-8fd8-76ed144237bb,called.gmbh,available,45.99,45.99,high,low,6,namesilo,,,
ce317e42-645c-4af5-b7bb-5ff64754f4d7,humoring.gmbh,available,45.99,45.99,high,low,8,namesilo,,,05/09/2026 00:31
071640b4-8c46-4414-834f-5916c0d4356a,unowned.gmbh,available,45.99,45.99,medium,low,7,namesilo,,,04/09/2026 22:16
bd538c53-3d82-4156-b2d6-39f77b89a9fc,burnt.gmbh,available,45.99,45.99,high,low,5,namesilo,,,23/09/2026 11:41
b7e6cd06-66e2-4f86-a078-c376bff68e51,blaster.gmbh,available,45.99,45.99,high,low,7,namesilo,,,24/09/2026 04:22
86cc790b-6269-4a5b-a049-8fc6a01e4f05,deco.gmbh,available,45.99,45.99,high,low,4,namesilo,,,20/09/2026 09:50
2ae35200-d749-4481-a8e8-c937b7c4ba51,hourly.gmbh,available,47.98,56.98,high,low,6,namecheap,,,25/09/2026 00:10
3d1e8361-d01d-4b23-96e3-9e23bb61c79f,fifteen.gmbh,available,45.99,45.99,high,low,7,namesilo,,,21/09/2026 11:44
42c9c87f-fc63-466b-a331-4e363ddbb925,really.gmbh,available,45.99,45.99,high,low,6,namesilo,,,
ae93132f-127c-4a12-91ee-ac5398415e28,authoriser.gmbh,available,45.99,45.99,medium,low,10,namesilo,,,21/09/2026 05:16
7cf78a26-2f6a-41d5-b18a-c72bca027acb,analyst.gmbh,available,45.99,45.99,high,low,7,namesilo,,,
c03028fd-2cdf-464b-a140-2176ca2f8ddb,communication.gmbh,available,45.99,45.99,high,low,13,namesilo,,,25/09/2026 03:16
b7710ed6-cd15-4594-b05b-a7c25fc6f7b8,sheepshead.gmbh,available,45.99,45.99,medium,low,10,namesilo,,,20/09/2026 02:29
da565119-c9aa-4c2e-a5fa-8fbbf8d44f3a,centesimal.gmbh,available,45.99,45.99,high,low,10,namesilo,,,
838d85e4-5a22-47ed-871b-79b6a3f3cc03,fulgid.gmbh,available,45.99,45.99,medium,low,6,namesilo,,,
6d6e8ba1-e931-4d21-a05e-a1a530a5e3b3,before.gmbh,available,45.99,45.99,high,low,6,namesilo,,,21/09/2026 23:34
395f7087-71d3-4763-a56a-da04ae8b6470,looseleaf.gmbh,available,45.99,45.99,high,low,9,namesilo,,,24/08/2026 09:43
339b2a74-f81f-4990-be4e-4df285068d5c,barbecue.gmbh,available,45.99,45.99,high,low,8,namesilo,,,
ece0b48a-195c-42d9-9bc1-7e981928ae03,commutable.gmbh,available,47.98,56.98,medium,low,10,namecheap,,,12/08/2026 19:17
12b20ff3-63df-476a-ab9b-4369faf92a2e,exocentric.gmbh,available,45.99,45.99,medium,low,10,namesilo,,,17/08/2026 17:21
6b749578-275d-444a-a15b-a0d1000cb444,unmarried.gmbh,available,45.99,45.99,medium,low,9,namesilo,,,12/09/2026 15:26
3eee6b7c-948e-4858-a7da-b29dd085e4cc,exogenous.gmbh,available,45.99,45.99,medium,low,9,namesilo,,,17/08/2026 17:33
62fdb456-99fa-419a-bbe8-ea27e34f5c46,soothes.gmbh,available,45.99,45.99,medium,low,7,namesilo,,,20/09/2026 05:20
aa8d7e2e-ce46-4082-9e3c-32c0d09bafb8,hoopla.gmbh,available,45.99,45.99,high,low,6,namesilo,,,21/09/2026 23:33
01c75045-9eec-4a7f-9db3-3bfb60f945ec,cardboard.gmbh,available,47.98,56.98,high,low,9,namecheap,,,11/08/2026 18:49
fa560484-48a2-4717-b982-cecb287ae33d,gadget.gmbh,available,45.99,45.99,high,low,6,namesilo,,,19/09/2026 21:47
b092f689-3c9f-45be-8816-94af8e69fc21,daylight.gmbh,available,47.99,,high,low,8,name.com,,,
aa551da2-9d21-48e1-82c9-f7b2c66d2f16,weighing.gmbh,available,47.98,56.98,high,low,8,namecheap,,,17/09/2026 11:27
84d82d5a-b5ef-4f45-9f9b-def492077146,profane.gmbh,available,45.99,45.99,high,low,7,namesilo,,,10/08/2026 13:22
73ef6f5f-5898-4109-b0c8-73b8533bac39,participants.gmbh,available,47.98,56.98,medium,low,12,namecheap,,,18/09/2026 04:57
ad66dbe9-f1ee-45f0-b30b-75cf1820a964,acids.gmbh,available,45.99,45.99,medium,low,5,namesilo,,,
46894e99-600e-466c-8a03-c2afd832ff8f,cadillac.gmbh,available,45.99,45.99,high,low,8,namesilo,,,
b3334ff0-a05b-4226-9256-c52b5a9d8c0d,boxers.gmbh,available,47.99,,high,low,6,name.com,,,
a47c0c67-bb54-4179-96b7-717d3e90f867,bilby.gmbh,available,45.99,45.99,medium,low,5,namesilo,,,23/09/2026 15:40
1402414e-5fb0-4628-af88-d388edd8acb0,programme.gmbh,available,45.99,45.99,high,low,9,namesilo,,,24/09/2026 16:59
8848a14e-5048-4cd3-ae37-260f557280fd,splattered.gmbh,available,47.99,52.99,medium,low,10,name.com,,,13/08/2026 15:21
e9cd52bd-770f-4342-99a1-c89fe6f0ab45,draped.gmbh,available,47.98,56.98,high,low,6,namecheap,,,14/08/2026 18:23
6ee8903f-1232-454c-8950-ce499618100d,legitimate.gmbh,available,45.99,45.99,high,low,10,namesilo,,,22/08/2026 23:04
c95d5878-92ae-41e9-a1a6-8f2be096d9a1,hanging.gmbh,available,45.99,45.99,high,low,7,namesilo,,,25/09/2026 04:41
7fe14abc-84c5-4456-978d-8c6a81385d95,aconcagua.gmbh,available,45.99,45.99,medium,low,9,namesilo,,,17/09/2026 02:04
b71be404-9fa5-4183-a13c-c232cee443c2,molten.gmbh,available,45.99,45.99,high,low,6,namesilo,,,25/08/2026 03:57
d6bfbb06-9c84-4556-872c-2ad595475e6d,glasses.gmbh,available,45.99,45.99,high,low,7,namesilo,,,
60bdd723-f927-4970-9f44-5070ff8cbd0e,slothful.gmbh,available,47.98,56.98,medium,low,8,namecheap,,,17/08/2026 20:58
54f2308c-c19f-42c4-984b-2b270d022b46,carpus.gmbh,available,45.99,45.99,medium,low,6,namesilo,,,20/09/2026 11:32
522d9f3b-0548-4786-b6da-89a4e571e4f3,boethius.gmbh,available,45.99,45.99,medium,low,8,namesilo,,,19/09/2026 08:26
59016fbd-0da8-4187-b264-073ce7f5881c,convenient.gmbh,available,45.99,45.99,high,low,10,namesilo,,,23/09/2026 15:48
05a50fbd-2c61-4f5f-a091-c87b98e7a7d6,blindly.gmbh,available,45.99,45.99,medium,low,7,namesilo,,,14/09/2026 00:21
85b7db7d-907b-41db-afe6-20fe871e63ba,unclaimed.gmbh,available,45.99,45.99,high,low,9,namesilo,,,12/09/2026 05:13
9a86768e-17da-4ddd-8ef7-20ca9cad88b8,abrocome.gmbh,available,45.99,45.99,medium,low,8,namesilo,,,16/09/2026 17:14
5bea97b9-9edb-4f5c-83a4-b32aca020cc1,onion.gmbh,available,45.99,45.99,high,low,5,namesilo,,,
db678426-d820-447f-b4bb-0c0201f050e8,warily.gmbh,available,45.99,45.99,medium,low,6,namesilo,,,16/09/2026 11:20
0dcafe95-ca4b-4a29-b544-435309580c54,rhyming.gmbh,available,45.99,45.99,high,low,7,namesilo,,,09/09/2026 16:53
e705f323-e088-4795-ad5f-305dc24c13f0,confines.gmbh,available,45.99,45.99,high,low,8,namesilo,,,24/09/2026 17:13
6651198e-dd76-4e92-9afe-715c946a9add,priority.gmbh,available,47.99,52.99,high,low,8,name.com,,,19/09/2026 12:40
f8e575c3-8609-4694-8347-7dde72858d7b,blowback.gmbh,available,45.99,45.99,medium,low,8,namesilo,,,21/09/2026 15:28
9fdc4502-ae6d-40c0-b412-3e5d092d3174,lustfully.gmbh,available,45.99,45.99,medium,low,9,namesilo,,,15/09/2026 13:12
47dc4239-b4ac-4859-a405-05a8aa97eb76,dressed.gmbh,available,45.99,45.99,high,low,7,namesilo,,,22/09/2026 07:16
1b5a1664-d177-4b86-95cd-c26a9288756e,chen.gmbh,available,45.99,45.99,high,low,4,namesilo,,,25/09/2026 04:12
d34206be-43f5-4918-9192-0b2f918cd85d,rare.gmbh,available,45.99,45.99,high,medium,4,namesilo,,,
3608fe7f-097c-42d2-8a07-03bfa91e1716,sympathetic.gmbh,available,45.99,45.99,high,low,11,namesilo,,,
d54e3b41-cf01-442b-888f-c60d23ac80e2,favour.gmbh,available,45.99,45.99,high,low,6,namesilo,,,25/09/2026 05:51
954367e1-0c37-453b-9480-21aed49dde55,catalog.gmbh,available,45.99,45.99,high,low,7,namesilo,,,24/09/2026 13:07
a4da4c6f-66ea-4b28-89df-daf502042043,arcadic.gmbh,available,45.99,45.99,medium,low,7,namesilo,,,20/09/2026 01:36
82b6d8c7-637d-4301-8a81-478c600df0e9,brumal.gmbh,available,45.99,45.99,medium,low,6,namesilo,,,11/08/2026 06:36
584837a8-609a-4a8f-9dde-1e5bb9d7ba96,muted.gmbh,available,45.99,45.99,high,low,5,namesilo,,,21/08/2026 15:56
1c741987-5d69-4289-a6f1-5849f8f191e0,airfield.gmbh,available,47.98,56.98,high,low,8,namecheap,,,17/09/2026 23:09
3b926caa-b496-49c1-83c4-17e34d6cbc08,successor.gmbh,available,47.99,,high,low,9,name.com,,,
c9fcffaa-b0c4-42d3-ad8e-88cccc50a7c1,amiably.gmbh,available,47.98,56.98,medium,low,7,namecheap,,,13/09/2026 17:50
09a6164f-0745-410d-bf93-a69f59d3d8fd,hitch.gmbh,available,45.99,45.99,medium,low,5,namesilo,,,20/08/2026 22:55
e92bf9f1-ca1d-4b97-87c7-3b93f13b2adf,riparian.gmbh,available,47.98,56.98,high,low,8,namecheap,,,09/09/2026 17:53
fb17b2ca-220a-4bf2-bf3f-c79bed230289,cinderella.gmbh,available,45.99,45.99,high,low,10,namesilo,,,
171eb52a-a329-4631-8274-cd9cc5a2439c,beginner.gmbh,available,47.98,56.98,high,low,8,namecheap,,,23/09/2026 02:23
a1289828-9302-4f23-b1c0-849003be55f5,vindictive.gmbh,available,45.99,45.99,medium,low,10,namesilo,,,14/08/2026 04:21
12c9952d-0f95-42ca-9345-7485473e3306,mugwump.gmbh,available,45.99,45.99,medium,low,7,namesilo,,,22/08/2026 02:43
28aa00ad-e675-4724-a5cb-0b34a02ff4a9,woollen.gmbh,available,45.99,45.99,high,low,7,namesilo,,,13/09/2026 13:15
9480c8eb-f163-45ab-bdcf-1403fc71f220,amino.gmbh,available,47.98,56.98,high,low,5,namecheap,,,
bf71cdbc-64cb-4753-b1dd-1aa9216ea7a2,arcsecond.gmbh,available,45.99,45.99,medium,low,9,namesilo,,,20/09/2026 02:41
a8cdfb89-e7c9-4d73-bcc6-2bc31e3b82f0,kastler.gmbh,available,45.99,45.99,medium,low,7,namesilo,,,18/09/2026 06:34
6373f297-4f7b-4b9d-84df-5ee880ec5f18,leaves.gmbh,available,45.99,45.99,medium,low,6,namesilo,,,08/09/2026 09:50
04291ef0-893c-4511-b4c6-199992e25d82,coffeecake.gmbh,available,45.99,45.99,high,low,11,namesilo,,,
d19cae3c-911e-4f1b-8edd-0eb83f15b9d8,whiskered.gmbh,available,45.99,45.99,medium,low,9,namesilo,,,08/08/2026 16:15
f4d244a4-edb2-4894-b3d7-00c087f0aead,singly.gmbh,available,45.99,45.99,medium,low,6,namesilo,,,15/09/2026 08:03
fc0e2c09-6d78-4946-b4c8-fcd68752b46f,attar.gmbh,available,47.98,56.98,medium,low,5,namecheap,,,20/09/2026 19:21
d5862418-ebce-4d72-97a3-b930dcea5965,assumption.gmbh,available,45.99,45.99,high,low,10,namesilo,,,20/09/2026 16:39
28b3776c-0b8d-4bae-be70-0e4cd9ae1f96,incurable.gmbh,available,45.99,45.99,medium,low,9,namesilo,,,22/08/2026 02:06
83c8d0ea-6f52-4633-b34c-9a2416e535f7,sonsie.gmbh,available,47.98,56.98,medium,low,6,namecheap,,,10/08/2026 20:34
14235345-63e4-45dd-8829-7696108707ff,warring.gmbh,available,45.99,45.99,medium,low,7,namesilo,,,13/09/2026 08:11
514c8436-d81f-457d-9993-974ab0c07aab,vicinal.gmbh,available,45.99,45.99,medium,low,7,namesilo,,,13/09/2026 05:27
deeb7975-d09c-485e-b63d-21e30dadc4fe,nullity.gmbh,available,45.99,45.99,medium,low,7,namesilo,,,13/09/2026 06:33
f04f0c7a-291a-40a8-9ad1-62411e92cb1c,fey.gmbh,available,45.99,45.99,medium,low,3,namesilo,,,16/08/2026 03:39
e0378bc6-c66b-48f8-98e1-a5bad07fc688,proportion.gmbh,available,45.99,45.99,high,low,10,namesilo,,,
7e28382b-28e7-4e38-a784-ab19293c4d6c,unthankful.gmbh,available,45.99,45.99,medium,low,10,namesilo,,,11/09/2026 12:29
4b989317-2cc0-48f7-a34f-c165d7de5425,anouilh.gmbh,available,45.99,45.99,medium,low,7,namesilo,,,19/09/2026 11:52
8249fd42-e023-4c0e-91ab-d68cb4357c7d,terbium.gmbh,available,47.98,56.98,medium,low,7,namecheap,,,20/09/2026 23:28
3d7bd7d7-dc44-4b90-8a28-93af331a2468,unscalable.gmbh,available,45.99,45.99,medium,low,10,namesilo,,,12/09/2026 05:23
93ccd988-f23c-44b2-b02b-f85c91f1821c,contempt.gmbh,available,45.99,45.99,medium,low,8,namesilo,,,
e117a688-4698-4da2-899b-79911ddebb62,pancake.gmbh,available,47.98,56.98,high,low,7,namecheap,,,22/09/2026 14:28
4ea307e8-223b-4813-82b5-39190c46ef54,masterful.gmbh,available,47.98,56.98,high,low,9,namecheap,,,23/09/2026 21:35
18c32bb7-6e5d-41d1-b1ed-3ede7fd223a5,iso.gmbh,available,,,high,high,3,,,,
acda7682-8300-4197-a732-178e9d009d00,archerfish.gmbh,available,45.99,45.99,medium,low,10,namesilo,,,20/09/2026 01:56
1ad5b964-c56e-421b-9d10-cb5260f8caa6,belted.gmbh,available,45.99,45.99,medium,low,6,namesilo,,,09/08/2026 14:02
601d7763-2a77-4c95-ad2a-6588cdbc1eb0,glamourous.gmbh,available,45.99,45.99,high,low,10,namesilo,,,19/08/2026 00:17
4839d32a-a17c-465c-9040-78e2fdd1af60,hangbird.gmbh,available,45.99,45.99,medium,low,8,namesilo,,,22/09/2026 00:20
37475c54-ef01-4410-90fb-99cdd27f5694,daughterly.gmbh,available,47.99,52.99,medium,low,10,name.com,,,13/08/2026 18:46
9045f9bb-f63e-4d8a-b7fe-bc115be58082,coruscant.gmbh,available,45.99,45.99,medium,low,9,namesilo,,,
63e27689-5647-4b61-8da8-c4973d38eec0,uncomfortably.gmbh,available,45.99,45.99,low,low,13,namesilo,,,
bf03dda7-c866-4536-8299-bd0b8b3484a5,forested.gmbh,available,45.99,45.99,high,low,8,namesilo,,,18/08/2026 11:43
4c1c9feb-8578-4445-bb0f-2dd01e124434,acetic.gmbh,available,45.99,45.99,medium,low,6,namesilo,,,
05094a21-15e3-4ff0-8e23-b0f8d9773ccd,biological.gmbh,available,47.98,56.98,high,low,10,namecheap,,,22/09/2026 20:55
130fd590-53b2-4103-a540-f7eb3a96b1ef,forties.gmbh,available,45.99,45.99,medium,low,7,namesilo,,,16/09/2026 12:06
10068b7e-1335-410b-915f-567fc7581e8f,press.gmbh,available,45.99,45.99,high,low,5,namesilo,,,25/09/2026 11:18
2cf45160-e057-42a7-9700-08172039679f,ancestor.gmbh,available,45.99,45.99,high,low,8,namesilo,,,
7c597b02-a8e2-483a-a379-1543f4ded53a,uprightly.gmbh,available,45.99,45.99,medium,low,9,namesilo,,,15/09/2026 01:06
c85271cd-f563-4809-b6dd-8d191507ca51,gia.gmbh,available,47.98,56.98,high,low,3,namecheap,,,20/09/2026 06:34
7fe5ac12-604c-471a-97ad-899811c5985a,askant.gmbh,available,45.99,45.99,medium,low,6,namesilo,,,07/08/2026 03:05
48d891e5-5ca9-4cef-aff2-72ed958a85be,gatherer.gmbh,available,45.99,45.99,high,low,8,namesilo,,,16/09/2026 23:20
0ad80127-574f-4f46-aebf-d3746722989f,anagoge.gmbh,available,45.99,45.99,medium,low,7,namesilo,,,19/09/2026 01:27
8e59e5bf-b217-4fb8-888b-499e1b939350,stagy.gmbh,available,47.98,56.98,medium,low,5,namecheap,,,10/09/2026 18:04
e6b96d9e-269e-4689-a563-86f77abdc81d,baseboard.gmbh,available,47.98,56.98,medium,low,9,namecheap,,,22/09/2026 10:08
308b9323-973d-4d67-bbfc-d99a1fb007b6,repulsive.gmbh,available,45.99,45.99,medium,low,9,namesilo,,,
8501f069-3b91-442c-bd6c-df0e03fc8e03,unneeded.gmbh,available,45.99,45.99,medium,low,8,namesilo,,,12/09/2026 15:52
f7106ad4-15d8-4f28-933c-955e0867cdb6,marsupial.gmbh,available,45.99,45.99,high,low,9,namesilo,,,24/08/2026 16:32
478552b8-5fda-4d4a-83ac-0fe9ecdc4499,supported.gmbh,available,45.99,45.99,high,low,9,namesilo,,,
7450833d-de30-447c-abde-cd5f8afefead,veiled.gmbh,available,45.99,45.99,medium,low,6,namesilo,,,13/09/2026 01:50
ef6ce8bd-7ad5-4da1-b48e-8e8962b39c24,comedies.gmbh,available,47.98,56.98,medium,low,8,namecheap,,,21/09/2026 01:31
c422142d-09a8-45b5-a857-a5152a82d265,sidesaddle.gmbh,available,45.99,45.99,medium,low,10,namesilo,,,16/09/2026 01:43
905e8112-d9fd-4dc0-8ce2-6301a78cb2f5,rigged.gmbh,available,45.99,45.99,high,low,6,namesilo,,,09/09/2026 17:25
b16390f0-1e5d-4582-8aa0-00def635a545,tyson.gmbh,available,45.99,45.99,high,low,5,namesilo,,,25/09/2026 23:42
8d7b179a-332a-42db-ae74-e3b530fe0a26,bacca.gmbh,available,45.99,45.99,high,low,5,namesilo,,,21/09/2026 13:55
60e955ad-dadb-45fe-9019-1eaf89146b0e,previously.gmbh,available,45.99,45.99,high,low,10,namesilo,,,
bd76efb4-6c8b-48f7-848e-bc7a05caa01e,wingstem.gmbh,available,45.99,45.99,medium,low,8,namesilo,,,17/09/2026 04:57
6724a370-3695-46c6-a1c4-8a719a12861d,undoable.gmbh,available,45.99,45.99,medium,low,8,namesilo,,,11/09/2026 23:41
fb0edb0f-8519-4d90-9674-80a441c371ba,fascinate.gmbh,available,45.99,45.99,high,low,9,namesilo,,,
4274b8a1-cdf7-4d0c-9730-4c9bfda20be0,widget.gmbh,available,45.99,45.99,high,low,6,namesilo,,,19/09/2026 21:50
5dbddeda-2822-4f9e-b885-6856cd53ce3a,homesick.gmbh,available,45.99,45.99,medium,low,8,namesilo,,,21/08/2026 11:13
fa38807e-aed3-44f6-8796-5dc4cea740f3,kilogramme.gmbh,available,47.99,,high,low,10,name.com,,,
70107c00-d6f5-49b6-9259-6d2ddfb48046,bicycles.gmbh,available,45.99,45.99,medium,low,8,namesilo,,,18/09/2026 23:48
8b58361c-1c40-4946-aca2-5b2feaae2b5a,soddy.gmbh,available,45.99,45.99,medium,low,5,namesilo,,,17/09/2026 09:26
07642a3c-a2af-49d9-9241-97c4e33d17c9,assam.gmbh,available,45.99,45.99,high,low,5,namesilo,,,20/09/2026 15:42
4bed000a-c72f-4a36-86d5-b2cb2456d26a,calorific.gmbh,available,45.99,45.99,medium,low,9,namesilo,,,11/08/2026 15:12
bb66422e-7c16-449b-9760-513071aac141,ambivalence.gmbh,available,45.99,45.99,high,low,11,namesilo,,,
1edaed44-070c-4835-887d-a22b65c742fe,excitement.gmbh,available,45.99,45.99,high,low,10,namesilo,,,25/09/2026 05:50
7d659f2f-7a1a-42ca-91d3-c143a6a4af3c,bugbane.gmbh,available,47.98,56.98,medium,low,7,namecheap,,,18/09/2026 20:09
45ea827e-5b8c-491a-a317-de69de776bf8,cured.gmbh,available,45.99,45.99,high,low,5,namesilo,,,13/08/2026 01:35
20ae1bcb-c539-4795-a153-748a387be1cf,tinkly.gmbh,available,45.99,45.99,medium,low,6,namesilo,,,11/09/2026 16:15
231190b3-a7b2-413a-b222-944062834d84,verdin.gmbh,available,45.99,45.99,medium,low,6,namesilo,,,21/09/2026 04:27
85743e53-9ebf-40a7-be5d-677cd77d183a,encamp.gmbh,available,45.99,45.99,high,low,6,namesilo,,,11/08/2026 15:56
ba3be522-aa6a-426b-b7c4-4e0f2028c479,benzoin.gmbh,available,47.98,56.98,medium,low,7,namecheap,,,20/09/2026 12:33
4b83ebd9-0897-43c9-bc19-a8a14fbc6b0b,aurally.gmbh,available,45.99,45.99,medium,low,7,namesilo,,,13/09/2026 22:46
87a22e4b-f9d5-41fd-a926-23ee6ca8ec42,ciliary.gmbh,available,45.99,45.99,medium,low,7,namesilo,,,12/08/2026 08:04
2e88d810-e65c-4431-8c0c-46114ad87ffd,offhand.gmbh,available,47.98,56.98,high,low,7,namecheap,,,
c7eea32f-9127-4c98-a510-f13a6ccf7b75,trimly.gmbh,available,45.99,45.99,medium,low,6,namesilo,,,16/09/2026 09:29
302c832b-3ea9-4b7a-b7e5-b750aded9edb,hoar.gmbh,available,47.98,56.98,medium,low,4,namecheap,,,20/08/2026 19:18
d007cab0-1178-405b-9ab8-1690c0a55a69,corking.gmbh,available,45.99,45.99,high,low,7,namesilo,,,08/08/2026 12:20
312e0a1a-2ab9-4b6c-ad61-2d8c46102edb,storyboards.gmbh,available,45.99,45.99,medium,low,11,namesilo,,,20/09/2026 14:39
b9eac32b-ed4a-4947-a893-7b2c881b4032,millionth.gmbh,available,45.99,45.99,high,low,9,namesilo,,,24/08/2026 23:25
eb978330-9aa6-49d3-98e1-bea1fcd4dec5,left.gmbh,available,45.99,45.99,high,low,4,namesilo,,,25/09/2026 13:25
dae7f1d5-4130-462c-997b-8df777b487d9,floor.gmbh,available,45.99,45.99,high,low,5,namesilo,,,08/09/2026 02:52
c2177236-92be-46a5-9244-d22e7f87f6b6,welshman.gmbh,available,45.99,45.99,medium,low,8,namesilo,,,13/09/2026 10:44
52a0d1c0-1535-4adf-bbdd-82734e152d61,attire.gmbh,available,45.99,45.99,high,low,6,namesilo,,,21/09/2026 01:52
2d29f3d0-a1fc-442c-91f8-6474c14ee9fc,quadruped.gmbh,available,45.99,45.99,medium,low,9,namesilo,,,18/08/2026 13:30
5e130130-7eb6-4832-8382-dbc232a1ca5e,cathartic.gmbh,available,45.99,45.99,high,low,9,namesilo,,,05/08/2026 22:20
09da6806-ac0f-4107-9d39-8d230c6e2b46,deary.gmbh,available,47.99,52.99,high,low,5,name.com,,,13/08/2026 18:21
d8ee21da-a814-47bb-bfcf-bbe72cf5e27f,guards.gmbh,available,45.99,45.99,high,low,6,namesilo,,,
51f8c81c-24df-49ad-927b-e02dce497ce4,thereafter.gmbh,available,45.99,45.99,high,low,10,namesilo,,,16/09/2026 08:38
d83f5c38-1e1f-4983-b8ef-5519dad6ab2d,vain.gmbh,available,47.98,56.98,high,low,4,namecheap,,,22/09/2026 23:50
57f082dd-6330-46d1-ad01-f6c96fec645a,riskily.gmbh,available,45.99,45.99,medium,low,7,namesilo,,,15/09/2026 23:50
33748acd-1aac-4828-a8f6-26a96b7e13e8,vestigial.gmbh,available,45.99,45.99,medium,low,9,namesilo,,,13/09/2026 04:54
ee3177b8-220d-4437-b6d6-86b36a9067c5,worrisome.gmbh,available,45.99,45.99,medium,low,9,namesilo,,,14/08/2026 13:21
7de221cb-6d77-40a9-90f0-3a37e1a4daae,fiedler.gmbh,available,47.98,56.98,high,low,7,namecheap,,,20/09/2026 10:50
f6917a67-86a1-432e-8c46-36ac58ba4af2,pitfall.gmbh,available,45.99,45.99,medium,low,7,namesilo,,,
d7be3465-5705-4645-ac07-e3a6f7692870,urbane.gmbh,available,45.99,45.99,high,low,6,namesilo,,,11/09/2026 04:57
19e9b90a-5fe8-485b-ab77-2b7d5cad1e7e,tolerable.gmbh,available,45.99,45.99,medium,low,9,namesilo,,,24/09/2026 16:18
6f025c08-78c6-4bee-9e38-a4fd01d789d7,flipped.gmbh,available,47.98,56.98,medium,low,7,namecheap,,,18/09/2026 12:06
d88f398f-4fbf-47b9-b71e-eea06b6167c0,yonder.gmbh,available,45.99,45.99,high,low,6,namesilo,,,13/09/2026 14:45
c4c5e024-42fa-43d9-9086-12760d4921b1,nuremberg.gmbh,available,45.99,45.99,high,low,9,namesilo,,,25/09/2026 23:53
199fa049-45d6-4eb6-ac07-914be2715c86,colleague.gmbh,available,45.99,45.99,high,low,9,namesilo,,,24/09/2026 16:08
bdd0419a-4465-467e-b3eb-95f0e0092c13,lease.gmbh,available,45.99,45.99,high,low,5,namesilo,,,09/09/2026 14:19
eaf872e1-1b91-4686-9686-52ee5eaed382,healthily.gmbh,available,45.99,45.99,medium,low,9,namesilo,,,14/09/2026 23:15
8e851555-0192-419b-b613-2eff1a9fb9d0,dock.gmbh,available,45.99,45.99,high,low,4,namesilo,,,22/09/2026 23:34
86212fa4-bd02-44df-a2c9-c5e231fed556,agrippa.gmbh,available,47.98,56.98,medium,low,7,namecheap,,,17/09/2026 19:32
57f3d847-efcc-4e2d-8d6e-237edd4d4cf5,reed.gmbh,available,45.99,45.99,high,low,4,namesilo,,,22/09/2026 21:42
da59b841-964b-4993-8612-51903528b054,rain.gmbh,available,45.99,45.99,high,medium,4,namesilo,,,19/09/2026 07:28
fbd4d97e-eb03-47d0-ab70-389a57ac9e47,domingo.gmbh,available,47.98,56.98,high,low,7,namecheap,,,25/09/2026 04:55
ee33ef0f-f088-4ed1-99ed-a251a608a1a0,perchance.gmbh,available,45.99,45.99,medium,low,9,namesilo,,,14/09/2026 02:12
fa871ae3-eaa0-4726-9fdc-90c4a39dacd1,experimentation.gmbh,available,47.98,56.98,high,low,15,namecheap,,,25/09/2026 14:37
8dca034b-3405-41dd-8c6f-80158feb6a6f,tracks.gmbh,available,45.99,45.99,high,low,6,namesilo,,,17/09/2026 16:05
8ee78e93-e6bb-475b-9793-e9d469e39554,bisque.gmbh,available,45.99,45.99,high,low,6,namesilo,,,23/09/2026 22:05
3cf0de0b-16a4-4fa5-8fc5-6a8af6776d3d,bee.gmbh,available,45.99,45.99,high,medium,3,namesilo,,,
d4b1b80d-91b1-4bce-9565-6142e2ec6794,scruples.gmbh,available,47.98,56.98,high,low,8,namecheap,,,24/09/2026 17:26
1018e38d-bcfa-48f3-90e1-83ba3b392648,baseplate.gmbh,available,45.99,45.99,medium,low,10,namesilo,,,
15a4a487-84b2-4b04-9bf1-adee07346636,bleached.gmbh,available,45.99,45.99,medium,low,8,namesilo,,,10/08/2026 13:52
2a28257e-022b-49f3-b3a9-46fc837ed71c,ombu.gmbh,available,45.99,45.99,medium,low,4,namesilo,,,23/09/2026 05:53
aa72ed96-96b8-46f4-a87d-2a791f0fee34,abalone.gmbh,available,45.99,45.99,high,low,7,namesilo,,,16/09/2026 13:49
27af88fd-7ee1-4106-a873-49d78c80bedd,scholarly.gmbh,available,45.99,45.99,high,low,9,namesilo,,,09/09/2026 23:11
2bbede1a-e7cf-4915-bbd8-b5bea7acb1a0,wafers.gmbh,available,45.99,45.99,medium,low,6,namesilo,,,20/09/2026 21:54
6d64fd13-b995-4e9e-8db4-bc75982c3e9a,touchdowns.gmbh,available,45.99,45.99,medium,low,10,namesilo,,,19/09/2026 23:06
8ef7f212-d667-429b-adaf-7b5f63cb4a90,glaring.gmbh,available,45.99,45.99,high,low,7,namesilo,,,10/08/2026 13:47
9ca1d131-69ab-4761-ae5f-695f99b1dd69,narratives.gmbh,available,45.99,45.99,medium,low,10,namesilo,,,20/09/2026 10:13
31b4bb9f-ad0b-4816-858e-d78a749dcdd8,definitively.gmbh,available,45.99,45.99,medium,low,12,namesilo,,,
ffef06e0-937e-44ce-95bb-642c3f91f053,familiar.gmbh,available,45.99,45.99,high,low,8,namesilo,,,24/09/2026 16:30
b5a40911-4b42-448c-942c-3a1b21a06ddb,nates.gmbh,available,45.99,45.99,medium,low,5,namesilo,,,09/08/2026 10:31
a2e3701e-282b-4392-ae97-5bc3361002d9,mutually.gmbh,available,45.99,45.99,medium,low,8,namesilo,,,15/09/2026 15:56
36d193c0-0fb8-4320-8fff-33f3e5af7aab,successfully.gmbh,available,45.99,45.99,high,low,12,namesilo,,,
f1d0f3bb-4bfa-494e-81bd-078ca3e4f404,workmanship.gmbh,available,45.99,45.99,high,low,11,namesilo,,,16/09/2026 08:15
c6e1430e-bf49-4605-8389-212596ecf784,profitable.gmbh,available,45.99,45.99,high,low,10,namesilo,,,
650c986e-7e62-4238-8fbb-2f46e81e9115,butt.gmbh,available,45.99,45.99,medium,low,4,namesilo,,,09/08/2026 10:40
55f69758-fb4a-40b7-9466-a6bd4fe112fe,depicted.gmbh,available,45.99,45.99,medium,low,8,namesilo,,,14/08/2026 02:12
f6e52049-69d4-4716-b3cd-d3df0d1ba307,teeny.gmbh,available,45.99,45.99,high,low,5,namesilo,,,10/08/2026 08:12
e0dfcecf-84a3-4c18-81bd-3aa1648a65ed,complain.gmbh,available,45.99,45.99,high,low,8,namesilo,,,
595c2f0d-1f42-48ce-965c-d441618cfc99,restructuring.gmbh,available,45.99,45.99,high,low,13,namesilo,,,
c4a09f8a-7762-45de-a082-576bb57f1f14,arpent.gmbh,available,47.98,56.98,medium,low,6,namecheap,,,20/09/2026 08:38
b2407252-b241-4064-bcd3-8dbaecc3627a,burst.gmbh,available,45.99,45.99,high,low,5,namesilo,,,24/09/2026 10:35
8a614453-33bd-40ea-a145-a906c90e4a76,uneasy.gmbh,available,47.98,56.98,medium,low,6,namecheap,,,21/08/2026 19:45
b7878f7b-54d2-4f2f-a1c9-22c2ec36e8a6,aladdin.gmbh,available,,,high,medium,7,,,,
c711302a-e934-4ac7-a3c4-a1ce0662d2e1,positional.gmbh,available,45.99,45.99,high,low,10,namesilo,,,09/09/2026 00:06
33fe7b19-6780-47e5-a40e-97fa119a6526,pie.gmbh,available,45.99,45.99,high,low,3,namesilo,,,25/09/2026 09:59
c5492ff8-e4e9-4047-a235-7714fccf3673,affective.gmbh,available,45.99,45.99,high,low,9,namesilo,,,
8abd8c12-4596-4b57-9fe5-7a2022edb320,beforehand.gmbh,available,45.99,45.99,medium,low,10,namesilo,,,09/08/2026 08:51
30f96964-0b85-49c9-9392-674204c6cce3,middlesex.gmbh,available,45.99,45.99,high,low,9,namesilo,,,25/09/2026 13:32
c8ab6965-dbe1-486f-9dc9-ba402dd95b04,molecular.gmbh,available,45.99,45.99,high,low,9,namesilo,,,25/08/2026 03:53
d75b6ddb-a934-4c5b-8ed5-145c48bf568f,argyll.gmbh,available,45.99,45.99,medium,low,6,namesilo,,,20/09/2026 04:56
185c81ee-24f4-4bcb-8db5-7977cd6fddb4,dystopian.gmbh,available,45.99,45.99,medium,low,9,namesilo,,,14/08/2026 22:10
5c3ce773-42d3-4ed3-92a3-4f2d12ac2cc2,utilizing.gmbh,available,45.99,45.99,medium,low,9,namesilo,,,21/09/2026 02:04
e421367e-4b85-44b7-b2cf-254334d807ba,ayr.gmbh,available,47.98,56.98,high,low,3,namecheap,,,21/09/2026 10:41
7d588c14-e018-4b6c-843b-9610f2773da4,canola.gmbh,available,47.99,52.99,high,low,6,name.com,,,24/09/2026 12:06
60af8848-50ac-4ad5-a544-0c2eeb9125be,risks.gmbh,available,47.98,56.98,medium,low,5,namecheap,,,20/09/2026 06:40
1a8a9a89-d7f0-49f9-afd2-096479144eae,factual.gmbh,available,47.98,56.98,high,low,7,namecheap,,,17/08/2026 20:31
7996e7b2-6734-470b-bcd2-003e7d30afdc,connectivity.gmbh,available,45.99,45.99,high,low,12,namesilo,,,24/09/2026 02:41
161e19ca-ead8-48cf-a6b2-61201f7eb5a1,brunch.gmbh,available,45.99,45.99,high,low,6,namesilo,,,24/09/2026 10:54
5ed63114-fcc7-476d-80c7-a1c6398f5529,overdue.gmbh,available,47.98,56.98,medium,low,7,namecheap,,,26/09/2026 03:28
3ec45ef6-ac58-449b-a4ae-c3b51b0a2f63,abrogation.gmbh,available,45.99,45.99,medium,low,10,namesilo,,,16/09/2026 17:14
8faf3e89-5e1a-4a63-921d-1dbb561d3770,ageing.gmbh,available,45.99,45.99,high,low,6,namesilo,,,21/09/2026 22:43
866c2092-c0bd-4676-971d-24687d52bee1,positive.gmbh,available,45.99,45.99,high,low,8,namesilo,,,23/09/2026 14:53
9ff4bac0-e87d-430e-9149-6d4934825a43,pricing.gmbh,available,45.99,45.99,high,low,7,namesilo,,,
aaae80eb-8df6-41d0-a3c9-069cc8bd6492,significant.gmbh,available,45.99,45.99,high,low,11,namesilo,,,
967a9fc1-ffdb-40ae-86ae-e436594a07c2,punkey.gmbh,available,47.98,56.98,medium,low,6,namecheap,,,23/09/2026 22:34
527e074e-df6b-492f-99e2-6d6c136d38d3,dissolver.gmbh,available,45.99,45.99,medium,low,9,namesilo,,,10/09/2026 13:52
f93eb51a-2894-474d-ad6f-a65b1ae47ae7,ethereal.gmbh,available,47.98,56.98,high,low,8,namecheap,,,21/09/2026 21:04
116555f7-ee31-464e-b7fc-2dbe4f9b54e8,truer.gmbh,available,45.99,45.99,medium,low,5,namesilo,,,20/09/2026 05:56
b7955308-8b7f-49ca-9973-3134a415ad3f,admission.gmbh,available,45.99,45.99,high,low,9,namesilo,,,16/09/2026 22:12
b8215df0-0329-44fc-a568-fc00ac9d3cae,goosefish.gmbh,available,45.99,45.99,medium,low,9,namesilo,,,18/09/2026 11:40
daa72ca0-9f0f-4d8b-82df-bb427e151bde,graph.gmbh,available,45.99,45.99,high,low,5,namesilo,,,
ac88f3f4-0941-4430-baff-5879d4c4b738,silkily.gmbh,available,45.99,45.99,medium,low,7,namesilo,,,16/09/2026 01:51
e7cc4cf5-12a9-413e-906c-9a15172d47f3,pagan.gmbh,available,45.99,45.99,medium,low,5,namesilo,,,18/08/2026 21:57
4416379d-8ad8-440b-a559-a8d9125f9b97,rearing.gmbh,available,45.99,45.99,high,low,7,namesilo,,,09/09/2026 11:04
118ae48f-a081-4d5f-8d93-736891ab72f9,singletree.gmbh,available,47.99,,medium,low,11,name.com,,,
922b08c0-7330-48f8-809f-20225f5939a0,atom.gmbh,available,47.98,56.98,high,medium,4,namecheap,,,20/09/2026 21:53
d66bce34-5343-4d1d-b253-5203673921b3,voiceless.gmbh,available,45.99,45.99,medium,low,9,namesilo,,,05/08/2026 23:23
6b6d1222-bc86-421a-8e34-3363f1ef84b5,involvement.gmbh,available,45.99,45.99,high,low,11,namesilo,,,
c7520bc4-7a0d-4ced-8715-3a5cee77ea80,baddie.gmbh,available,45.99,45.99,medium,low,6,namesilo,,,21/09/2026 16:59
0cf58af0-1942-4c44-9cb3-fa7426b86284,subway.gmbh,available,45.99,45.99,high,low,6,namesilo,,,25/09/2026 23:41
140a97cc-123d-4675-8844-97cd660e4d8b,adventitia.gmbh,available,45.99,45.99,medium,low,10,namesilo,,,17/09/2026 10:36
e5d63e60-e021-408f-9dc2-cd5c003ec6a5,malaysian.gmbh,available,45.99,45.99,high,low,9,namesilo,,,24/08/2026 13:46
75de41a5-0752-4bd1-b010-c0303dff37d0,scandalous.gmbh,available,45.99,45.99,medium,low,10,namesilo,,,14/08/2026 10:26
21a11864-d36d-4aac-b6d0-84d839f8ae8d,betatron.gmbh,available,47.98,56.98,medium,low,8,namecheap,,,23/09/2026 11:04
08be2492-b147-43fb-b081-de673168544f,romany.gmbh,available,45.99,45.99,high,low,6,namesilo,,,10/08/2026 17:25
01386c05-7f8f-4285-9135-6716d4017ea9,nearly.gmbh,available,45.99,45.99,high,low,6,namesilo,,,
b02a86b8-00de-47f4-8179-c9075f95ad12,excused.gmbh,available,45.99,45.99,medium,low,7,namesilo,,,17/08/2026 16:44
6d7766e1-51bd-4b77-8c39-f2ed13d88507,roller.gmbh,available,47.99,,high,low,6,name.com,,,
65d492ac-6108-4448-adc0-9a7f2ab9ec2c,chestnut.gmbh,available,45.99,45.99,high,low,8,namesilo,,,23/09/2026 14:04
3e81c2a8-e66a-4b3c-912f-2fe454d11d50,prismatic.gmbh,available,45.99,45.99,high,low,9,namesilo,,,09/09/2026 02:09
3338072a-4d7c-438e-9b16-cacca7d5183e,effort.gmbh,available,45.99,45.99,high,low,6,namesilo,,,23/09/2026 07:47
59d0fa69-b84f-4d90-a95e-017c9165a70e,bedframe.gmbh,available,45.99,45.99,high,low,9,namesilo,,,22/09/2026 23:17
9a25d284-2db8-4525-a09b-14e0cf48c942,marion.gmbh,available,45.99,45.99,high,low,6,namesilo,,,25/09/2026 14:37
3fa36dad-eb8e-4d28-8e31-26e163706df1,facilitating.gmbh,available,45.99,45.99,medium,low,12,namesilo,,,
1fbc5877-de21-457b-a47a-5fcb1ccad5d0,tort.gmbh,available,45.99,45.99,high,low,4,namesilo,,,24/09/2026 15:10
1a0d2441-c7b8-4c06-9a4e-7897b6d3e005,vociferous.gmbh,available,45.99,45.99,medium,low,10,namesilo,,,12/08/2026 09:21
12a939f7-911b-406b-a5f7-693453ad2eae,attila.gmbh,available,45.99,45.99,high,low,6,namesilo,,,21/09/2026 01:47
4c72a643-5080-43ef-bc66-ecf1d269d9b9,banishment.gmbh,available,45.99,45.99,high,low,10,namesilo,,,22/09/2026 02:06
23690a8f-5822-44bc-9a96-61c2a633e09b,banging.gmbh,available,45.99,45.99,high,low,7,namesilo,,,08/08/2026 13:03
f7decc85-71d2-41b7-8953-234482e321e5,various.gmbh,available,45.99,45.99,high,low,7,namesilo,,,
8f6dda32-2e99-480d-aed3-f0e69493f344,crease.gmbh,available,45.99,45.99,high,low,6,namesilo,,,13/08/2026 07:14
d3395c25-6a18-4e31-9171-42aad57abc47,ames.gmbh,available,45.99,45.99,high,low,4,namesilo,,,25/09/2026 12:32
30aeec60-7d92-435e-b8dc-8292914b9c91,decent.gmbh,available,45.99,45.99,high,low,6,namesilo,,,09/08/2026 06:17
131b5919-a095-4ff8-a7a5-63d499d6c0a2,palmy.gmbh,available,47.98,56.98,medium,low,5,namecheap,,,10/08/2026 19:15
073908a3-7017-4907-a0db-acb76b9e6704,shoal.gmbh,available,45.99,45.99,high,low,5,namesilo,,,10/09/2026 05:46
c3170df0-b882-470a-b263-3e1ad3e36ad3,rash.gmbh,available,45.99,45.99,medium,low,4,namesilo,,,18/08/2026 10:31
cc9e16a2-f823-45d5-af7f-d4715e3a9d4f,amicably.gmbh,available,47.98,56.98,high,low,8,namecheap,,,13/09/2026 19:29
7039008b-da8c-4c9d-bc3f-f90228336c32,indian.gmbh,available,45.99,45.99,high,low,6,namesilo,,,22/09/2026 04:13
5f4852b6-9ce8-4f07-a398-395508f6e80a,nee.gmbh,available,45.99,45.99,medium,low,3,namesilo,,,03/09/2026 14:47
844ec8df-8aa8-4185-9948-f75b99d2929d,agendum.gmbh,available,45.99,45.99,medium,low,7,namesilo,,,17/09/2026 17:05
fb19c059-0aa3-46c0-9db3-daeca3ae2798,duel.gmbh,available,45.99,45.99,high,low,4,namesilo,,,17/09/2026 14:06
d8b6ef28-bd33-4aee-aa61-5c3b384e335b,pump.gmbh,available,45.99,45.99,high,medium,4,namesilo,,,25/09/2026 10:10
4debbc8d-e71c-4e6a-87e1-0a3fd090d763,topping.gmbh,available,45.99,45.99,high,low,7,namesilo,,,11/09/2026 17:36
b4ab737a-0dd5-44bd-b4ce-2d1d54c90f8b,takes.gmbh,available,45.99,45.99,medium,low,5,namesilo,,,
64faa329-f6dc-466a-97fd-2c97b998052d,extras.gmbh,available,45.99,45.99,medium,low,6,namesilo,,,
962ad178-ce63-4dfd-8acd-52e0864f5925,soon.gmbh,available,45.99,45.99,high,low,4,namesilo,,,
7dbe36d2-d078-4336-ab69-cd584ada18c7,bewitch.gmbh,available,45.99,45.99,high,low,7,namesilo,,,21/08/2026 07:41
ba65c5c0-013d-412d-b814-16567aeeeeca,nassau.gmbh,available,45.99,45.99,high,low,6,namesilo,,,
9634da68-598a-4c82-b127-b8348d4488e8,tempting.gmbh,available,45.99,45.99,high,low,8,namesilo,,,22/09/2026 01:44
e242989e-0365-4508-b61c-28c101bfb4bb,term.gmbh,available,45.99,45.99,high,low,4,namesilo,,,
f58ad7a6-2450-43dd-9fc9-684de08d224c,ruritanian.gmbh,available,45.99,45.99,medium,low,10,namesilo,,,09/09/2026 19:43
4e4c28b4-7a45-4ea6-97d5-440ca155ee92,bandolier.gmbh,available,45.99,45.99,medium,low,9,namesilo,,,22/09/2026 01:27
d65a6d93-0da7-4a06-b411-ba9a29dc20d3,abrasive.gmbh,available,45.99,45.99,high,low,8,namesilo,,,
b1a8ab4c-75ce-450f-8455-042e5e22b565,wriggly.gmbh,available,45.99,45.99,medium,low,7,namesilo,,,13/09/2026 13:43
4cd12b19-0538-4c8c-b652-33bfe0acdc90,origin.gmbh,available,45.99,45.99,high,low,6,namesilo,,,08/09/2026 13:23
b1738a80-de34-445f-8fdd-fadd35cfbc48,woeful.gmbh,available,45.99,45.99,medium,low,6,namesilo,,,17/08/2026 16:46
6f05b390-1145-4a0e-b4fd-04b2b2c7fc78,skype.gmbh,available,,,high,medium,5,,,,
19bd55ab-f238-4e75-8974-6494ea42a693,adviser.gmbh,available,45.99,45.99,high,low,7,namesilo,,,
904d86ec-5fd8-4ae5-93e9-ea92ef22a5cc,peanut.gmbh,available,45.99,45.99,high,low,6,namesilo,,,08/09/2026 11:13
0e015442-8a9f-4c41-9683-e266df0db302,alcohols.gmbh,available,47.98,56.98,medium,low,8,namecheap,,,20/09/2026 18:31
50bf0820-77cb-47ed-859d-9cd6ea5353c5,agouti.gmbh,available,47.98,56.98,medium,low,6,namecheap,,,17/09/2026 19:07
70ec6d4d-29b9-4e29-be17-e5f3a55e54bf,regret.gmbh,available,45.99,45.99,high,low,6,namesilo,,,
662108c8-edcb-4e90-9b19-e1dea2fc70b2,environmental.gmbh,available,45.99,45.99,high,low,13,namesilo,,,
e40b0a8f-f96e-4021-a391-bf5115c731c9,abhorrence.gmbh,available,45.99,45.99,medium,low,10,namesilo,,,16/09/2026 15:25
5f3b5026-6024-4c30-966e-a73b9bfc8983,oversight.gmbh,available,45.99,45.99,high,low,9,namesilo,,,
818db760-658c-4494-924b-1076da1e944d,coloring.gmbh,available,45.99,45.99,high,low,8,namesilo,,,12/08/2026 17:31
8b1ef978-751d-4531-b982-3bba10511e34,frenzy.gmbh,available,45.99,45.99,high,low,6,namesilo,,,24/09/2026 21:40
b45eea5c-b591-414f-b15c-eb2a9d7a03fb,aliform.gmbh,available,45.99,45.99,medium,low,7,namesilo,,,
1e6f3785-ede0-4453-ae78-7428f34be9dc,sphincter.gmbh,available,47.98,56.98,medium,low,9,namecheap,,,19/09/2026 03:31
fe832a5d-d217-4332-916d-fb8c0894faa6,plump.gmbh,available,45.99,45.99,high,low,5,namesilo,,,12/08/2026 07:35
bbe72815-a149-4900-83fd-52695472a7ec,flags.gmbh,available,45.99,45.99,high,low,5,namesilo,,,
f54960bf-cbc9-4c54-b4d7-527d0613d9b5,olympia.gmbh,available,45.99,45.99,high,low,7,namesilo,,,
28128379-e194-48b0-b3b2-d77232222611,aluminous.gmbh,available,45.99,45.99,medium,low,9,namesilo,,,
65953f47-398f-4615-be57-9d78b72e4d39,bowhead.gmbh,available,47.98,56.98,medium,low,7,namecheap,,,21/09/2026 20:32
4655428b-00a7-410d-a3fc-5bddb856f3ff,racist.gmbh,available,45.99,45.99,medium,low,6,namesilo,,,
218395a1-bed9-4ae4-8764-013a0f0cb0f1,redeemable.gmbh,available,47.98,56.98,high,low,10,namecheap,,,11/08/2026 20:14
3bd6cf28-b519-4697-ad14-14bdcd42f74a,brickly.gmbh,available,45.99,45.99,medium,low,7,namesilo,,,11/08/2026 03:51
f8e2516f-7321-4ccc-8e4d-980b86487a1d,modulated.gmbh,available,45.99,45.99,medium,low,9,namesilo,,,25/08/2026 03:19
11a0eadc-a8e6-4e7e-ab28-b462a039969d,backs.gmbh,available,45.99,45.99,medium,low,5,namesilo,,,18/09/2026 06:41
eec4b827-6c44-430e-96d0-ea67fae1b314,bargeman.gmbh,available,45.99,45.99,medium,low,8,namesilo,,,22/09/2026 05:46
9bcb76ac-0d83-4e20-b466-b4b9d84304ba,pernickety.gmbh,available,47.98,56.98,medium,low,10,namecheap,,,08/09/2026 17:52
80dd9f02-0ebe-402c-8bac-a7da0f6d3283,explicit.gmbh,available,47.98,56.98,high,low,8,namecheap,,,17/08/2026 18:24
760451e0-4aea-4ff7-bc1e-76206b176551,anarchy.gmbh,available,47.98,56.98,high,low,7,namecheap,,,19/09/2026 02:28
defe06d9-d98c-45e0-8c7e-821f223aabfd,intend.gmbh,available,47.98,56.98,high,low,6,namecheap,,,25/09/2026 18:20
6c256cac-9ff8-450d-8eda-1c66ba8f9122,mould.gmbh,available,45.99,45.99,medium,low,5,namesilo,,,24/09/2026 15:22
c42c459a-b7dd-4808-bd94-7c41585de98f,gary.gmbh,available,47.98,56.98,high,low,4,namecheap,,,25/09/2026 06:21
c43bd56c-dc8b-46c9-9dd6-64c09682c4e8,minden.gmbh,available,45.99,45.99,medium,low,6,namesilo,,,22/09/2026 15:29